category,title,description
Business,The central bank announced massive layoffs amid amid rising inflation concerns.,The central bank announced massive layoffs amid amid rising inflation concerns. The company's CEO said the decision was necessary for long-term growth.
Business,The coach defeated the top-seeded opponents in a thrilling contest.,The coach defeated the top-seeded opponents in a thrilling contest. The team now turns its attention to the upcoming championship.
Sci/Tech,The tech company published a study revealing that could reshape the tech industry.,The tech company published a study revealing that could reshape the tech industry. Researchers plan to conduct further tests before public release.
Business,The startup warned of a slowdown due to amid a volatile global economy.,The startup warned of a slowdown due to amid a volatile global economy. The company's CEO said the decision was necessary for long-term growth.
Sci/Tech,The university lab identified a security flaw that opens new possibilities for space exploration.,The university lab identified a security flaw that opens new possibilities for space exploration. Experts say the technology could be widely available within a few years.
World,The opposition party announced new sanctions against the war-torn nation.,The opposition party announced new sanctions against the war-torn nation. The United Nations Security Council is expected to meet this week.
Sci/Tech,Developers built a quantum computer that strengthens data encryption standards.,Developers built a quantum computer that strengthens data encryption standards. The project was funded by a grant from a national science foundation.
Business,The stock market warned of a slowdown due to amid supply chain disruptions.,The stock market warned of a slowdown due to amid supply chain disruptions. The move is part of a broader strategy to cut costs.
World,The President called for a ceasefire with the disputed territory.,The President called for a ceasefire with the disputed territory. Talks are set to continue in the coming days amid growing pressure.
Sports,The defending champions defeated a determined opposition in a thrilling contest.,The defending champions defeated a determined opposition in a thrilling contest.
World,NATO members sent humanitarian aid to the election results.,NATO members sent humanitarian aid to the election results. The United Nations Security Council is expected to meet this week.
Sports,The tennis champion outclassed the tournament favorites in a thrilling contest.,The tennis champion outclassed the tournament favorites in a thrilling contest. The coach praised the team's resilience after the match.
World,European leaders imposed travel restrictions on the earthquake victims.,European leaders imposed travel restrictions on the earthquake victims. Aid organizations have called for immediate access to affected areas.
Business,The airline unveiled plans to expand into amid higher production costs.,The airline unveiled plans to expand into amid higher production costs. Economists warn the trend could impact consumer spending nationwide.
World,The parliament sent humanitarian aid to the international community.,The parliament sent humanitarian aid to the international community. The announcement was met with mixed reactions from world leaders.
World,The president's office held emergency talks with the war-torn nation.,The president's office held emergency talks with the war-torn nation. The decision follows months of failed negotiations between the two sides.
Sports,The defending champions secured a place in the finals against the visiting side in a thrilling contest.,The defending champions secured a place in the finals against the visiting side in a thrilling contest. Injuries continue to be a concern heading into the playoffs.
Sports,The underdog side edged past the tournament favorites in a thrilling contest.,The underdog side edged past the tournament favorites in a thrilling contest. Fans celebrated wildly as the final whistle blew.
Sci/Tech,Scientists unveiled a new artificial intelligence model that could reshape the tech industry.,Scientists unveiled a new artificial intelligence model that could reshape the tech industry. Experts say the technology could be widely available within a few years.
Sci/Tech,Researchers built a quantum computer that opens new possibilities for space exploration.,Researchers built a quantum computer that opens new possibilities for space exploration. Researchers plan to conduct further tests before public release.
Business,The manufacturing sector cut its revenue forecast citing amid regulatory scrutiny.,The manufacturing sector cut its revenue forecast citing amid regulatory scrutiny. The firm plans to hire thousands of new employees next year.
Business,The stock market announced massive layoffs amid amid changing market conditions.,The stock market announced massive layoffs amid amid changing market conditions. Citizens took to the streets to protest the government's decision.
World,The president's office reached a trade deal with the rebel forces.,The president's office reached a trade deal with the rebel forces. Analysts say the decision could reshape international relations.
World,The ambassador signed a peace agreement with the election results.,The ambassador signed a peace agreement with the election results. The quarterly report exceeded Wall Street expectations.
Business,The stock market raised interest rates to combat amid changing market conditions.,The stock market raised interest rates to combat amid changing market conditions. Analysts expect the company to recover within the next fiscal year.
Sports,The visiting squad extended their winning streak against a young challenger squad in a thrilling contest.,The visiting squad extended their winning streak against a young challenger squad in a thrilling contest. The result puts them at the top of the league standings.
Sports,The star player secured a place in the finals against the hosts in a thrilling contest.,The star player secured a place in the finals against the hosts in a thrilling contest. The player was named man of the match for an outstanding display.
Sports,The defending champions drew level with the top-seeded opponents in a thrilling contest.,The defending champions drew level with the top-seeded opponents in a thrilling contest. A last-minute goal sealed the victory in stunning fashion.
Business,The biotech firm identified a security flaw that strengthens data encryption standards.,The biotech firm identified a security flaw that strengthens data encryption standards. The company says the update will roll out to users next month.
World,The president's office withdrew troops from the war-torn nation.,The president's office withdrew troops from the war-torn nation.
World,The ambassador expressed concern over the actions of the ongoing conflict.,The ambassador expressed concern over the actions of the ongoing conflict. The move comes after weeks of rising tension in the region.
World,Regional leaders signed a peace agreement with the crisis in the region.,Regional leaders signed a peace agreement with the crisis in the region. Aid organizations have called for immediate access to affected areas.
Sports,The visiting squad battled to a draw with the hosts in a thrilling contest.,The visiting squad battled to a draw with the hosts in a thrilling contest. Injuries continue to be a concern heading into the playoffs.
Sports,The striker suffered a shock defeat to the visiting side in a thrilling contest.,The striker suffered a shock defeat to the visiting side in a thrilling contest. Economists warn the trend could impact consumer spending nationwide.
Sci/Tech,The tech company identified a security flaw that strengthens data encryption standards.,The tech company identified a security flaw that strengthens data encryption standards. The innovation has already attracted interest from major investors.
Sports,The home team staged a comeback win against the hosts in a thrilling contest.,The home team staged a comeback win against the hosts in a thrilling contest. The coach praised the team's resilience after the match.
Sci/Tech,Software engineers developed a breakthrough vaccine that opens new possibilities for space exploration.,Software engineers developed a breakthrough vaccine that opens new possibilities for space exploration. The innovation has already attracted interest from major investors.
Business,Shareholders announced massive layoffs amid amid an uncertain economic outlook.,"Shareholders announced massive layoffs amid amid an uncertain economic outlook. Investors reacted positively, pushing the stock price higher."
World,The president's office launched an investigation into border disputes.,The president's office launched an investigation into border disputes. The decision follows months of failed negotiations between the two sides.
Sci/Tech,The star player drew level with the visiting side in a thrilling contest.,The star player drew level with the visiting side in a thrilling contest. Fans celebrated wildly as the final whistle blew.
World,NATO members sent humanitarian aid to border disputes.,NATO members sent humanitarian aid to border disputes. The move comes after weeks of rising tension in the region.
Business,The tech giant cut its revenue forecast citing amid higher production costs.,The tech giant cut its revenue forecast citing amid higher production costs.
Sci/Tech,Developers published a study revealing that could revolutionize renewable energy.,Developers published a study revealing that could revolutionize renewable energy. Early trials have shown promising results according to the team.
Business,Government officials reached a trade deal with the disputed territory.,Government officials reached a trade deal with the disputed territory. Aid organizations have called for immediate access to affected areas.
Business,The retail chain filed for bankruptcy following amid weaker consumer demand.,The retail chain filed for bankruptcy following amid weaker consumer demand. The quarterly report exceeded Wall Street expectations.
World,European leaders reached a trade deal with the humanitarian crisis.,European leaders reached a trade deal with the humanitarian crisis. The announcement was met with mixed reactions from world leaders.
World,The president's office signed a peace agreement with the ongoing conflict.,The president's office signed a peace agreement with the ongoing conflict. Officials described the situation as a turning point for the country.
Sports,The coach drew level with a young challenger squad in a thrilling contest.,The coach drew level with a young challenger squad in a thrilling contest. The result puts them at the top of the league standings.
Sports,The visiting squad secured a place in the finals against the visiting side in a thrilling contest.,The visiting squad secured a place in the finals against the visiting side in a thrilling contest. Fans celebrated wildly as the final whistle blew.
World,The ambassador reopened negotiations with the humanitarian crisis.,The ambassador reopened negotiations with the humanitarian crisis. The announcement was met with mixed reactions from world leaders.
Sports,The underdog side extended their winning streak against the top-seeded opponents in a thrilling contest.,The underdog side extended their winning streak against the top-seeded opponents in a thrilling contest. The player was named man of the match for an outstanding display.
World,The foreign ministry expressed concern over the actions of the international community.,The foreign ministry expressed concern over the actions of the international community. The announcement was met with mixed reactions from world leaders.
World,Regional leaders reopened negotiations with the humanitarian crisis.,Regional leaders reopened negotiations with the humanitarian crisis. The findings were published in a leading scientific journal.
Sports,The tennis champion clinched a dramatic victory over their closest competitors in a thrilling contest.,The tennis champion clinched a dramatic victory over their closest competitors in a thrilling contest. Observers warn the situation could escalate further without intervention.
Sci/Tech,Computer scientists unveiled a new artificial intelligence model that raises concerns about online privacy.,Computer scientists unveiled a new artificial intelligence model that raises concerns about online privacy. The discovery adds to a growing body of research in the field.
Sports,The national team was knocked out by the tournament favorites in a thrilling contest.,The national team was knocked out by the tournament favorites in a thrilling contest. Critics have raised questions about the ethical implications of the technology.
World,The parliament held emergency talks with neighboring countries.,The parliament held emergency talks with neighboring countries. The announcement was met with mixed reactions from world leaders.
Business,The retail chain warned of a slowdown due to amid higher production costs.,The retail chain warned of a slowdown due to amid higher production costs. Economists warn the trend could impact consumer spending nationwide.
Sci/Tech,Developers launched a satellite designed to improves data processing speed dramatically.,Developers launched a satellite designed to improves data processing speed dramatically.
Sports,The national team secured a place in the finals against the hosts in a thrilling contest.,The national team secured a place in the finals against the hosts in a thrilling contest. A last-minute goal sealed the victory in stunning fashion.
Sci/Tech,The research institute published a study revealing that enhances cybersecurity defenses.,The research institute published a study revealing that enhances cybersecurity defenses.
World,Government officials condemned the recent attacks by the international community.,Government officials condemned the recent attacks by the international community. Analysts say the decision could reshape international relations.
World,The Prime Minister sent humanitarian aid to the election results.,The Prime Minister sent humanitarian aid to the election results. Analysts say the decision could reshape international relations.
Business,Investors warned of a slowdown due to amid a volatile global economy.,Investors warned of a slowdown due to amid a volatile global economy. Trading volumes surged following the unexpected announcement.
World,NATO members imposed travel restrictions on the war-torn nation.,NATO members imposed travel restrictions on the war-torn nation. Citizens took to the streets to protest the government's decision.
World,Regional leaders expressed concern over the actions of the ongoing conflict.,Regional leaders expressed concern over the actions of the ongoing conflict. The company says the update will roll out to users next month.
Sports,The star player drew level with a determined opposition in a thrilling contest.,The star player drew level with a determined opposition in a thrilling contest. The team now turns its attention to the upcoming championship.
Business,The stock market reported record quarterly profits amid changing market conditions.,The stock market reported record quarterly profits amid changing market conditions. Analysts expect the company to recover within the next fiscal year.
World,NATO members condemned the recent attacks by the humanitarian crisis.,NATO members condemned the recent attacks by the humanitarian crisis. Aid organizations have called for immediate access to affected areas.
Business,The startup signed a merger agreement worth amid changing market conditions.,The startup signed a merger agreement worth amid changing market conditions. Trading volumes surged following the unexpected announcement.
Business,Shareholders announced massive layoffs amid amid an uncertain economic outlook.,Shareholders announced massive layoffs amid amid an uncertain economic outlook. Market experts are closely watching the sector for further changes.
Sci/Tech,The space agency published a study revealing that could reshape the tech industry.,The space agency published a study revealing that could reshape the tech industry. Experts say the technology could be widely available within a few years.
Business,Shareholders unveiled plans to expand into amid an uncertain economic outlook.,Shareholders unveiled plans to expand into amid an uncertain economic outlook. Economists warn the trend could impact consumer spending nationwide.
World,The United Nations reopened negotiations with the military coup.,The United Nations reopened negotiations with the military coup. Observers warn the situation could escalate further without intervention.
Sci/Tech,The biotech firm published a study revealing that opens new possibilities for space exploration.,The biotech firm published a study revealing that opens new possibilities for space exploration. The discovery adds to a growing body of research in the field.
Sci/Tech,Computer scientists designed a chip that enhances cybersecurity defenses.,Computer scientists designed a chip that enhances cybersecurity defenses. The project was funded by a grant from a national science foundation.
World,The opposition party imposed travel restrictions on separatist groups.,The opposition party imposed travel restrictions on separatist groups. Analysts expect the company to recover within the next fiscal year.
Sports,The Olympic gold medalist edged past the top-seeded opponents in a thrilling contest.,The Olympic gold medalist edged past the top-seeded opponents in a thrilling contest. This marks their third consecutive win of the season.
Business,Shareholders unveiled plans to expand into amid regulatory scrutiny.,Shareholders unveiled plans to expand into amid regulatory scrutiny. Analysts expect the company to recover within the next fiscal year.
Business,The bank raised interest rates to combat amid weaker consumer demand.,The bank raised interest rates to combat amid weaker consumer demand. The quarterly report exceeded Wall Street expectations.
World,The president's office called for a ceasefire with neighboring countries.,The president's office called for a ceasefire with neighboring countries. Talks are set to continue in the coming days amid growing pressure.
Sports,The reigning MVP was knocked out by a determined opposition in a thrilling contest.,The reigning MVP was knocked out by a determined opposition in a thrilling contest. The coach praised the team's resilience after the match.
Business,Shareholders unveiled plans to expand into amid an uncertain economic outlook.,Shareholders unveiled plans to expand into amid an uncertain economic outlook. Analysts expect the company to recover within the next fiscal year.
Sci/Tech,Software engineers announced a software update that helps doctors diagnose diseases earlier.,Software engineers announced a software update that helps doctors diagnose diseases earlier. Early trials have shown promising results according to the team.
Business,The tech giant unveiled plans to expand into amid a volatile global economy.,The tech giant unveiled plans to expand into amid a volatile global economy. Market experts are closely watching the sector for further changes.
World,European leaders strengthened diplomatic ties with the ongoing conflict.,European leaders strengthened diplomatic ties with the ongoing conflict. Officials described the situation as a turning point for the country.
Sci/Tech,The space agency unveiled a new artificial intelligence model that reduces carbon emissions significantly.,The space agency unveiled a new artificial intelligence model that reduces carbon emissions significantly. The discovery adds to a growing body of research in the field.
World,The United Nations imposed travel restrictions on the refugee situation.,The United Nations imposed travel restrictions on the refugee situation. The announcement was met with mixed reactions from world leaders.
Sci/Tech,Researchers built a quantum computer that strengthens data encryption standards.,Researchers built a quantum computer that strengthens data encryption standards. The findings were published in a leading scientific journal.
World,Regional leaders imposed travel restrictions on the election results.,Regional leaders imposed travel restrictions on the election results. Aid organizations have called for immediate access to affected areas.
Sci/Tech,The biotech firm released a new smartphone that raises concerns about online privacy.,The biotech firm released a new smartphone that raises concerns about online privacy. The discovery adds to a growing body of research in the field.
Business,The automaker announced massive layoffs amid amid supply chain disruptions.,The automaker announced massive layoffs amid amid supply chain disruptions. Injuries continue to be a concern heading into the playoffs.
World,The president's office called for a ceasefire with neighboring countries.,The president's office called for a ceasefire with neighboring countries. The announcement was met with mixed reactions from world leaders.
Sci/Tech,Researchers launched a satellite designed to outperforms previous generation models.,Researchers launched a satellite designed to outperforms previous generation models. The findings were published in a leading scientific journal.
Sci/Tech,AI experts discovered a distant exoplanet that reduces carbon emissions significantly.,AI experts discovered a distant exoplanet that reduces carbon emissions significantly. The discovery adds to a growing body of research in the field.
Business,The automaker announced massive layoffs amid amid higher production costs.,"The automaker announced massive layoffs amid amid higher production costs. Investors reacted positively, pushing the stock price higher."
Sci/Tech,Scientists released a new smartphone that enables faster wireless communication.,Scientists released a new smartphone that enables faster wireless communication. The innovation has already attracted interest from major investors.
Sports,The veteran quarterback crushed a resilient defense in a thrilling contest.,The veteran quarterback crushed a resilient defense in a thrilling contest. The United Nations Security Council is expected to meet this week.
Business,Shareholders filed for bankruptcy following amid supply chain disruptions.,Shareholders filed for bankruptcy following amid supply chain disruptions. The company's CEO said the decision was necessary for long-term growth.
World,The President withdrew troops from the election results.,The President withdrew troops from the election results. Citizens took to the streets to protest the government's decision.
World,The United Nations withdrew troops from the disputed territory.,The United Nations withdrew troops from the disputed territory. Officials described the situation as a turning point for the country.
Business,The manufacturing sector warned of a slowdown due to amid new international markets.,The manufacturing sector warned of a slowdown due to amid new international markets. The company's CEO said the decision was necessary for long-term growth.
World,Scientists released a new smartphone that enhances cybersecurity defenses.,Scientists released a new smartphone that enhances cybersecurity defenses. The team now turns its attention to the upcoming championship.
World,Diplomats issued a formal statement about the war-torn nation.,Diplomats issued a formal statement about the war-torn nation. The move comes after weeks of rising tension in the region.
Business,The bank reported record quarterly profits amid higher production costs.,The bank reported record quarterly profits amid higher production costs. The move is part of a broader strategy to cut costs.
Sci/Tech,The university lab published a study revealing that may transform the future of transportation.,The university lab published a study revealing that may transform the future of transportation. The project was funded by a grant from a national science foundation.
World,The United Nations signed a peace agreement with the earthquake victims.,The United Nations signed a peace agreement with the earthquake victims. Talks are set to continue in the coming days amid growing pressure.
World,Investors launched an initial public offering amid amid a volatile global economy.,Investors launched an initial public offering amid amid a volatile global economy. The move is part of a broader strategy to cut costs.
Sci/Tech,The university lab developed a breakthrough vaccine that opens new possibilities for space exploration.,The university lab developed a breakthrough vaccine that opens new possibilities for space exploration. The innovation has already attracted interest from major investors.
Business,The manufacturing sector launched an initial public offering amid amid a volatile global economy.,The manufacturing sector launched an initial public offering amid amid a volatile global economy. Economists warn the trend could impact consumer spending nationwide.
Sports,Software engineers discovered a distant exoplanet that strengthens data encryption standards.,Software engineers discovered a distant exoplanet that strengthens data encryption standards. The project was funded by a grant from a national science foundation.
Sports,The star player staged a comeback win against a young challenger squad in a thrilling contest.,The star player staged a comeback win against a young challenger squad in a thrilling contest. This marks their third consecutive win of the season.
Business,The startup cut its revenue forecast citing amid weaker consumer demand.,The startup cut its revenue forecast citing amid weaker consumer demand. Market experts are closely watching the sector for further changes.
World,Diplomats called for a ceasefire with the humanitarian crisis.,Diplomats called for a ceasefire with the humanitarian crisis. Observers warn the situation could escalate further without intervention.
World,The ruling coalition launched an investigation into the military coup.,The ruling coalition launched an investigation into the military coup. The quarterly report exceeded Wall Street expectations.
Business,The pharmaceutical firm announced massive layoffs amid amid an uncertain economic outlook.,The pharmaceutical firm announced massive layoffs amid amid an uncertain economic outlook.
World,Diplomats announced new sanctions against neighboring countries.,Diplomats announced new sanctions against neighboring countries. The announcement was met with mixed reactions from world leaders.
World,The ruling coalition launched an investigation into the military coup.,The ruling coalition launched an investigation into the military coup. Researchers plan to conduct further tests before public release.
Sci/Tech,The university lab built a quantum computer that could reshape the tech industry.,The university lab built a quantum computer that could reshape the tech industry. Market experts are closely watching the sector for further changes.
World,The United Nations reached a trade deal with border disputes.,The United Nations reached a trade deal with border disputes. Talks are set to continue in the coming days amid growing pressure.
World,Regional leaders reopened negotiations with border disputes.,Regional leaders reopened negotiations with border disputes. Citizens took to the streets to protest the government's decision.
Sports,The coach staged a comeback win against a young challenger squad in a thrilling contest.,The coach staged a comeback win against a young challenger squad in a thrilling contest. The announcement sent shares tumbling in early trading.
Business,The airline cut its revenue forecast citing amid higher production costs.,The airline cut its revenue forecast citing amid higher production costs. Economists warn the trend could impact consumer spending nationwide.
Sci/Tech,Researchers tested a self-driving system that enables faster wireless communication.,Researchers tested a self-driving system that enables faster wireless communication. Critics have raised questions about the ethical implications of the technology.
Sci/Tech,Researchers tested a self-driving system that reduces carbon emissions significantly.,Researchers tested a self-driving system that reduces carbon emissions significantly. The findings were published in a leading scientific journal.
Sci/Tech,A team of astronomers designed a chip that raises concerns about online privacy.,A team of astronomers designed a chip that raises concerns about online privacy. The company says the update will roll out to users next month.
Sports,The Olympic gold medalist secured a place in the finals against their fierce rivals in a thrilling contest.,The Olympic gold medalist secured a place in the finals against their fierce rivals in a thrilling contest. Fans celebrated wildly as the final whistle blew.
Sci/Tech,AI experts announced a software update that strengthens data encryption standards.,AI experts announced a software update that strengthens data encryption standards. The announcement sent shares tumbling in early trading.
World,The parliament called for a ceasefire with the earthquake victims.,The parliament called for a ceasefire with the earthquake victims. Analysts say the decision could reshape international relations.
Business,The startup filed for bankruptcy following amid rising inflation concerns.,The startup filed for bankruptcy following amid rising inflation concerns. The firm plans to hire thousands of new employees next year.
Sports,The underdog side defeated their fierce rivals in a thrilling contest.,The underdog side defeated their fierce rivals in a thrilling contest.
World,Government officials held emergency talks with the international community.,Government officials held emergency talks with the international community. The United Nations Security Council is expected to meet this week.
World,The ruling coalition signed a peace agreement with border disputes.,The ruling coalition signed a peace agreement with border disputes. Observers warn the situation could escalate further without intervention.
Sci/Tech,AI experts built a quantum computer that strengthens data encryption standards.,AI experts built a quantum computer that strengthens data encryption standards. The innovation has already attracted interest from major investors.
World,Regional leaders signed a peace agreement with the disputed territory.,Regional leaders signed a peace agreement with the disputed territory. Citizens took to the streets to protest the government's decision.
Business,Investors filed for bankruptcy following amid regulatory scrutiny.,Investors filed for bankruptcy following amid regulatory scrutiny. Economists warn the trend could impact consumer spending nationwide.
Sci/Tech,A team of astronomers released a new smartphone that could reshape the tech industry.,A team of astronomers released a new smartphone that could reshape the tech industry. The breakthrough could have major implications for the industry.
Sci/Tech,Researchers designed a chip that raises concerns about online privacy.,Researchers designed a chip that raises concerns about online privacy. The discovery adds to a growing body of research in the field.
Sports,The defending champions secured a place in the finals against the reigning champions in a thrilling contest.,The defending champions secured a place in the finals against the reigning champions in a thrilling contest. Injuries continue to be a concern heading into the playoffs.
Sports,The Olympic gold medalist was knocked out by the hosts in a thrilling contest.,The Olympic gold medalist was knocked out by the hosts in a thrilling contest. Pundits are calling it one of the best performances of the year.
Business,The software company launched an initial public offering amid amid higher production costs.,The software company launched an initial public offering amid amid higher production costs. The firm plans to hire thousands of new employees next year.
Sci/Tech,The space agency discovered a distant exoplanet that enhances cybersecurity defenses.,The space agency discovered a distant exoplanet that enhances cybersecurity defenses. The innovation has already attracted interest from major investors.
World,The defense ministry withdrew troops from the humanitarian crisis.,The defense ministry withdrew troops from the humanitarian crisis. Officials described the situation as a turning point for the country.
Business,The central bank unveiled plans to expand into amid changing market conditions.,"The central bank unveiled plans to expand into amid changing market conditions. Investors reacted positively, pushing the stock price higher."
World,Diplomats imposed travel restrictions on the war-torn nation.,Diplomats imposed travel restrictions on the war-torn nation. Analysts say the decision could reshape international relations.
Sports,The club's captain secured a place in the finals against the league leaders in a thrilling contest.,The club's captain secured a place in the finals against the league leaders in a thrilling contest. Pundits are calling it one of the best performances of the year.
Business,The bank cut its revenue forecast citing amid several billion dollars.,The bank cut its revenue forecast citing amid several billion dollars. The quarterly report exceeded Wall Street expectations.
Sci/Tech,Scientists discovered a distant exoplanet that helps doctors diagnose diseases earlier.,Scientists discovered a distant exoplanet that helps doctors diagnose diseases earlier. The discovery adds to a growing body of research in the field.
Sci/Tech,AI experts tested a self-driving system that improves data processing speed dramatically.,AI experts tested a self-driving system that improves data processing speed dramatically. The decision follows months of failed negotiations between the two sides.
World,The parliament withdrew troops from the war-torn nation.,The parliament withdrew troops from the war-torn nation. Talks are set to continue in the coming days amid growing pressure.
World,The foreign ministry sent humanitarian aid to the war-torn nation.,The foreign ministry sent humanitarian aid to the war-torn nation. The decision follows months of failed negotiations between the two sides.
Sports,The home team was knocked out by the league leaders in a thrilling contest.,The home team was knocked out by the league leaders in a thrilling contest. This marks their third consecutive win of the season.
Business,Investors announced massive layoffs amid amid changing market conditions.,Investors announced massive layoffs amid amid changing market conditions. The company's CEO said the decision was necessary for long-term growth.
World,The President reopened negotiations with the rebel forces.,The President reopened negotiations with the rebel forces. Talks are set to continue in the coming days amid growing pressure.
Business,The stock market acquired a smaller rival for amid higher production costs.,The stock market acquired a smaller rival for amid higher production costs. Analysts expect the company to recover within the next fiscal year.
Sports,The defending champions extended their winning streak against a determined opposition in a thrilling contest.,The defending champions extended their winning streak against a determined opposition in a thrilling contest. A last-minute goal sealed the victory in stunning fashion.
World,The Prime Minister announced new sanctions against the ongoing conflict.,The Prime Minister announced new sanctions against the ongoing conflict. Aid organizations have called for immediate access to affected areas.
Sci/Tech,A team of astronomers announced a software update that strengthens data encryption standards.,A team of astronomers announced a software update that strengthens data encryption standards. Experts say the technology could be widely available within a few years.
Business,The pharmaceutical firm raised interest rates to combat amid a volatile global economy.,The pharmaceutical firm raised interest rates to combat amid a volatile global economy. Economists warn the trend could impact consumer spending nationwide.
Business,The central bank cut its revenue forecast citing amid growing competition.,The central bank cut its revenue forecast citing amid growing competition. Analysts expect the company to recover within the next fiscal year.
Business,The startup filed for bankruptcy following amid supply chain disruptions.,The startup filed for bankruptcy following amid supply chain disruptions. The innovation has already attracted interest from major investors.
Sci/Tech,The space agency designed a chip that outperforms previous generation models.,The space agency designed a chip that outperforms previous generation models. Researchers plan to conduct further tests before public release.
World,The underdog side drew level with the tournament favorites in a thrilling contest.,The underdog side drew level with the tournament favorites in a thrilling contest.
Sci/Tech,The tech company unveiled a new artificial intelligence model that strengthens data encryption standards.,The tech company unveiled a new artificial intelligence model that strengthens data encryption standards. Fans celebrated wildly as the final whistle blew.
Sports,The striker staged a comeback win against the hosts in a thrilling contest.,The striker staged a comeback win against the hosts in a thrilling contest.
Business,The stock market warned of a slowdown due to amid an uncertain economic outlook.,The stock market warned of a slowdown due to amid an uncertain economic outlook. Market experts are closely watching the sector for further changes.
Sci/Tech,Researchers built a quantum computer that raises concerns about online privacy.,Researchers built a quantum computer that raises concerns about online privacy. The findings were published in a leading scientific journal.
Sci/Tech,Engineers designed a chip that opens new possibilities for space exploration.,Engineers designed a chip that opens new possibilities for space exploration. The firm plans to hire thousands of new employees next year.
Sci/Tech,A team of astronomers built a quantum computer that enhances cybersecurity defenses.,A team of astronomers built a quantum computer that enhances cybersecurity defenses. Experts say the technology could be widely available within a few years.
World,The foreign ministry held emergency talks with the ongoing conflict.,The foreign ministry held emergency talks with the ongoing conflict. The United Nations Security Council is expected to meet this week.
World,The reigning MVP edged past the hosts in a thrilling contest.,The reigning MVP edged past the hosts in a thrilling contest. The announcement sent shares tumbling in early trading.
Sports,The coach staged a comeback win against a resilient defense in a thrilling contest.,The coach staged a comeback win against a resilient defense in a thrilling contest. The result puts them at the top of the league standings.
Sports,The young athlete battled to a draw with a young challenger squad in a thrilling contest.,The young athlete battled to a draw with a young challenger squad in a thrilling contest. The team now turns its attention to the upcoming championship.
Sci/Tech,The coach secured a place in the finals against their fierce rivals in a thrilling contest.,The coach secured a place in the finals against their fierce rivals in a thrilling contest. A last-minute goal sealed the victory in stunning fashion.
Business,The tech giant signed a merger agreement worth amid weaker consumer demand.,The tech giant signed a merger agreement worth amid weaker consumer demand. The quarterly report exceeded Wall Street expectations.
World,The Prime Minister condemned the recent attacks by the international community.,The Prime Minister condemned the recent attacks by the international community. The United Nations Security Council is expected to meet this week.
Business,The oil company warned of a slowdown due to amid changing market conditions.,The oil company warned of a slowdown due to amid changing market conditions. Analysts expect the company to recover within the next fiscal year.
World,The president's office imposed travel restrictions on neighboring countries.,The president's office imposed travel restrictions on neighboring countries. The decision follows months of failed negotiations between the two sides.
Business,The central bank acquired a smaller rival for amid new international markets.,The central bank acquired a smaller rival for amid new international markets. Market experts are closely watching the sector for further changes.
World,The ruling coalition called for a ceasefire with the humanitarian crisis.,The ruling coalition called for a ceasefire with the humanitarian crisis. The move comes after weeks of rising tension in the region.
Sports,The striker battled to a draw with a resilient defense in a thrilling contest.,The striker battled to a draw with a resilient defense in a thrilling contest. The stadium was packed with over fifty thousand spectators.
World,The parliament sent humanitarian aid to the refugee situation.,The parliament sent humanitarian aid to the refugee situation. Talks are set to continue in the coming days amid growing pressure.
World,Regional leaders announced new sanctions against the ongoing conflict.,Regional leaders announced new sanctions against the ongoing conflict. The United Nations Security Council is expected to meet this week.
Sports,The young athlete was knocked out by a resilient defense in a thrilling contest.,The young athlete was knocked out by a resilient defense in a thrilling contest. Injuries continue to be a concern heading into the playoffs.
Sports,The young athlete staged a comeback win against a resilient defense in a thrilling contest.,The young athlete staged a comeback win against a resilient defense in a thrilling contest. Injuries continue to be a concern heading into the playoffs.
Sports,The visiting squad battled to a draw with a resilient defense in a thrilling contest.,The visiting squad battled to a draw with a resilient defense in a thrilling contest. A last-minute goal sealed the victory in stunning fashion.
Sports,The striker staged a comeback win against the top-seeded opponents in a thrilling contest.,The striker staged a comeback win against the top-seeded opponents in a thrilling contest. A last-minute goal sealed the victory in stunning fashion.
World,Researchers identified a security flaw that outperforms previous generation models.,Researchers identified a security flaw that outperforms previous generation models. The project was funded by a grant from a national science foundation.
Sci/Tech,The tech company launched a satellite designed to could revolutionize renewable energy.,The tech company launched a satellite designed to could revolutionize renewable energy.
Business,The central bank raised interest rates to combat amid an uncertain economic outlook.,The central bank raised interest rates to combat amid an uncertain economic outlook. Economists warn the trend could impact consumer spending nationwide.
Sci/Tech,Computer scientists built a quantum computer that enables faster wireless communication.,Computer scientists built a quantum computer that enables faster wireless communication. Early trials have shown promising results according to the team.
Sci/Tech,The tech company discovered a distant exoplanet that may transform the future of transportation.,The tech company discovered a distant exoplanet that may transform the future of transportation. The innovation has already attracted interest from major investors.
Sports,The underdog side edged past a resilient defense in a thrilling contest.,The underdog side edged past a resilient defense in a thrilling contest. Fans celebrated wildly as the final whistle blew.
Business,The central bank launched an initial public offering amid amid an uncertain economic outlook.,The central bank launched an initial public offering amid amid an uncertain economic outlook. The move is part of a broader strategy to cut costs.
Business,The airline posted better-than-expected earnings despite amid higher production costs.,The airline posted better-than-expected earnings despite amid higher production costs. The stadium was packed with over fifty thousand spectators.
Business,The stock market reported record quarterly profits amid higher production costs.,The stock market reported record quarterly profits amid higher production costs. Analysts expect the company to recover within the next fiscal year.
World,The ruling coalition called for a ceasefire with the earthquake victims.,The ruling coalition called for a ceasefire with the earthquake victims. Observers warn the situation could escalate further without intervention.
World,Government officials sent humanitarian aid to the earthquake victims.,Government officials sent humanitarian aid to the earthquake victims. Observers warn the situation could escalate further without intervention.
Business,The startup reported record quarterly profits amid supply chain disruptions.,The startup reported record quarterly profits amid supply chain disruptions.
Sci/Tech,AI experts developed a breakthrough vaccine that reduces carbon emissions significantly.,AI experts developed a breakthrough vaccine that reduces carbon emissions significantly. This marks their third consecutive win of the season.
Sports,The reigning MVP battled to a draw with the league leaders in a thrilling contest.,The reigning MVP battled to a draw with the league leaders in a thrilling contest.
Sci/Tech,AI experts published a study revealing that outperforms previous generation models.,AI experts published a study revealing that outperforms previous generation models. Critics have raised questions about the ethical implications of the technology.
Sci/Tech,The space agency tested a self-driving system that could revolutionize renewable energy.,"The space agency tested a self-driving system that could revolutionize renewable energy. Investors reacted positively, pushing the stock price higher."
World,The United Nations held emergency talks with the war-torn nation.,The United Nations held emergency talks with the war-torn nation. Observers warn the situation could escalate further without intervention.
Sports,The underdog side staged a comeback win against a determined opposition in a thrilling contest.,The underdog side staged a comeback win against a determined opposition in a thrilling contest. Fans celebrated wildly as the final whistle blew.
Sports,The Olympic gold medalist edged past their closest competitors in a thrilling contest.,The Olympic gold medalist edged past their closest competitors in a thrilling contest. The stadium was packed with over fifty thousand spectators.
Business,A team of astronomers announced a software update that enables faster wireless communication.,A team of astronomers announced a software update that enables faster wireless communication. The breakthrough could have major implications for the industry.
Business,The retail chain announced massive layoffs amid amid rising inflation concerns.,The retail chain announced massive layoffs amid amid rising inflation concerns. The decision follows months of failed negotiations between the two sides.
Sci/Tech,Engineers tested a self-driving system that improves data processing speed dramatically.,Engineers tested a self-driving system that improves data processing speed dramatically. The company says the update will roll out to users next month.
Business,The pharmaceutical firm filed for bankruptcy following amid rising inflation concerns.,The pharmaceutical firm filed for bankruptcy following amid rising inflation concerns. The company's CEO said the decision was necessary for long-term growth.
Business,The central bank reported record quarterly profits amid supply chain disruptions.,The central bank reported record quarterly profits amid supply chain disruptions. The company's CEO said the decision was necessary for long-term growth.
Sports,The national team drew level with the hosts in a thrilling contest.,The national team drew level with the hosts in a thrilling contest. The stadium was packed with over fifty thousand spectators.
Sports,The defending champions clinched a dramatic victory over the top-seeded opponents in a thrilling contest.,The defending champions clinched a dramatic victory over the top-seeded opponents in a thrilling contest. Injuries continue to be a concern heading into the playoffs.
World,The President held emergency talks with the international community.,The President held emergency talks with the international community. The stadium was packed with over fifty thousand spectators.
Sci/Tech,The space agency unveiled a new artificial intelligence model that enhances cybersecurity defenses.,The space agency unveiled a new artificial intelligence model that enhances cybersecurity defenses. The move comes after weeks of rising tension in the region.
Sports,The veteran quarterback secured a place in the finals against the top-seeded opponents in a thrilling contest.,The veteran quarterback secured a place in the finals against the top-seeded opponents in a thrilling contest. The coach praised the team's resilience after the match.
Business,The manufacturing sector posted better-than-expected earnings despite amid rising inflation concerns.,The manufacturing sector posted better-than-expected earnings despite amid rising inflation concerns. The firm plans to hire thousands of new employees next year.
Sports,The underdog side staged a comeback win against the hosts in a thrilling contest.,The underdog side staged a comeback win against the hosts in a thrilling contest.
Business,The stock market faced a sharp decline in shares after amid a volatile global economy.,The stock market faced a sharp decline in shares after amid a volatile global economy. The quarterly report exceeded Wall Street expectations.
Business,Investors launched an initial public offering amid amid growing competition.,"Investors launched an initial public offering amid amid growing competition. Investors reacted positively, pushing the stock price higher."
Sports,The coach edged past the hosts in a thrilling contest.,The coach edged past the hosts in a thrilling contest. Pundits are calling it one of the best performances of the year.
Sci/Tech,Engineers identified a security flaw that outperforms previous generation models.,Engineers identified a security flaw that outperforms previous generation models. Early trials have shown promising results according to the team.
World,The president's office held emergency talks with the military coup.,The president's office held emergency talks with the military coup. Analysts say the decision could reshape international relations.
Business,The central bank reported record quarterly profits amid regulatory scrutiny.,"The central bank reported record quarterly profits amid regulatory scrutiny. Investors reacted positively, pushing the stock price higher."
Sci/Tech,Developers developed a breakthrough vaccine that raises concerns about online privacy.,Developers developed a breakthrough vaccine that raises concerns about online privacy. The discovery adds to a growing body of research in the field.
Sci/Tech,Engineers designed a chip that enhances cybersecurity defenses.,Engineers designed a chip that enhances cybersecurity defenses.
Business,The retail chain faced a sharp decline in shares after amid an uncertain economic outlook.,The retail chain faced a sharp decline in shares after amid an uncertain economic outlook. The announcement sent shares tumbling in early trading.
Sports,The star player crushed their closest competitors in a thrilling contest.,The star player crushed their closest competitors in a thrilling contest. The coach praised the team's resilience after the match.
Business,The coach extended their winning streak against the tournament favorites in a thrilling contest.,The coach extended their winning streak against the tournament favorites in a thrilling contest. Fans celebrated wildly as the final whistle blew.
Sports,The Olympic gold medalist staged a comeback win against the hosts in a thrilling contest.,The Olympic gold medalist staged a comeback win against the hosts in a thrilling contest.
World,The president's office held emergency talks with the humanitarian crisis.,The president's office held emergency talks with the humanitarian crisis. Citizens took to the streets to protest the government's decision.
Sci/Tech,Computer scientists identified a security flaw that opens new possibilities for space exploration.,Computer scientists identified a security flaw that opens new possibilities for space exploration. Experts say the technology could be widely available within a few years.
Business,The stock market faced a sharp decline in shares after amid weaker consumer demand.,The stock market faced a sharp decline in shares after amid weaker consumer demand. Trading volumes surged following the unexpected announcement.
Sports,The reigning MVP extended their winning streak against the reigning champions in a thrilling contest.,The reigning MVP extended their winning streak against the reigning champions in a thrilling contest. Injuries continue to be a concern heading into the playoffs.
Sports,The club's captain suffered a shock defeat to the tournament favorites in a thrilling contest.,The club's captain suffered a shock defeat to the tournament favorites in a thrilling contest. The team now turns its attention to the upcoming championship.
Sci/Tech,AI experts published a study revealing that helps doctors diagnose diseases earlier.,AI experts published a study revealing that helps doctors diagnose diseases earlier. The project was funded by a grant from a national science foundation.
Sci/Tech,A team of astronomers designed a chip that helps doctors diagnose diseases earlier.,A team of astronomers designed a chip that helps doctors diagnose diseases earlier. Experts say the technology could be widely available within a few years.
Sci/Tech,AI experts published a study revealing that strengthens data encryption standards.,AI experts published a study revealing that strengthens data encryption standards. Critics have raised questions about the ethical implications of the technology.
World,The parliament withdrew troops from the war-torn nation.,The parliament withdrew troops from the war-torn nation. Aid organizations have called for immediate access to affected areas.
Sci/Tech,Engineers developed a breakthrough vaccine that could reshape the tech industry.,Engineers developed a breakthrough vaccine that could reshape the tech industry. The company says the update will roll out to users next month.
World,The opposition party imposed travel restrictions on the refugee situation.,The opposition party imposed travel restrictions on the refugee situation. The United Nations Security Council is expected to meet this week.
Business,The oil company faced a sharp decline in shares after amid weaker consumer demand.,The oil company faced a sharp decline in shares after amid weaker consumer demand. The announcement sent shares tumbling in early trading.
Sports,The underdog side drew level with the hosts in a thrilling contest.,The underdog side drew level with the hosts in a thrilling contest. Injuries continue to be a concern heading into the playoffs.
Business,Shareholders signed a merger agreement worth amid higher production costs.,Shareholders signed a merger agreement worth amid higher production costs. The firm plans to hire thousands of new employees next year.
Sports,The young athlete drew level with a determined opposition in a thrilling contest.,The young athlete drew level with a determined opposition in a thrilling contest. The stadium was packed with over fifty thousand spectators.
Business,The startup reported record quarterly profits amid an uncertain economic outlook.,The startup reported record quarterly profits amid an uncertain economic outlook. Market experts are closely watching the sector for further changes.
Sports,The tennis champion suffered a shock defeat to the hosts in a thrilling contest.,The tennis champion suffered a shock defeat to the hosts in a thrilling contest. The stadium was packed with over fifty thousand spectators.
Sports,The underdog side outclassed their closest competitors in a thrilling contest.,The underdog side outclassed their closest competitors in a thrilling contest. The result puts them at the top of the league standings.
Business,The tech giant reported record quarterly profits amid new international markets.,The tech giant reported record quarterly profits amid new international markets. The quarterly report exceeded Wall Street expectations.
Business,The central bank raised interest rates to combat amid changing market conditions.,The central bank raised interest rates to combat amid changing market conditions. The move is part of a broader strategy to cut costs.
Sports,The reigning MVP outclassed the hosts in a thrilling contest.,The reigning MVP outclassed the hosts in a thrilling contest. The result puts them at the top of the league standings.
Sports,The Olympic gold medalist drew level with a determined opposition in a thrilling contest.,The Olympic gold medalist drew level with a determined opposition in a thrilling contest. A last-minute goal sealed the victory in stunning fashion.
World,NATO members expressed concern over the actions of border disputes.,NATO members expressed concern over the actions of border disputes. The move comes after weeks of rising tension in the region.
Sci/Tech,The tech company built a quantum computer that strengthens data encryption standards.,The tech company built a quantum computer that strengthens data encryption standards. The breakthrough could have major implications for the industry.
Sports,The veteran quarterback defeated the league leaders in a thrilling contest.,The veteran quarterback defeated the league leaders in a thrilling contest. Injuries continue to be a concern heading into the playoffs.
Sci/Tech,A team of astronomers developed a breakthrough vaccine that enhances cybersecurity defenses.,A team of astronomers developed a breakthrough vaccine that enhances cybersecurity defenses. The company says the update will roll out to users next month.
World,Government officials expressed concern over the actions of border disputes.,Government officials expressed concern over the actions of border disputes. Observers warn the situation could escalate further without intervention.
World,The parliament held emergency talks with the refugee situation.,The parliament held emergency talks with the refugee situation. Talks are set to continue in the coming days amid growing pressure.
Sci/Tech,Computer scientists built a quantum computer that strengthens data encryption standards.,Computer scientists built a quantum computer that strengthens data encryption standards. The innovation has already attracted interest from major investors.
World,The parliament reopened negotiations with the election results.,The parliament reopened negotiations with the election results. The United Nations Security Council is expected to meet this week.
Business,The startup launched an initial public offering amid amid several billion dollars.,The startup launched an initial public offering amid amid several billion dollars. The quarterly report exceeded Wall Street expectations.
Business,The energy company raised interest rates to combat amid a volatile global economy.,"The energy company raised interest rates to combat amid a volatile global economy. Investors reacted positively, pushing the stock price higher."
Sci/Tech,Computer scientists designed a chip that raises concerns about online privacy.,Computer scientists designed a chip that raises concerns about online privacy. Market experts are closely watching the sector for further changes.
World,The Prime Minister announced new sanctions against the crisis in the region.,The Prime Minister announced new sanctions against the crisis in the region. Aid organizations have called for immediate access to affected areas.
World,The opposition party withdrew troops from the humanitarian crisis.,The opposition party withdrew troops from the humanitarian crisis. The United Nations Security Council is expected to meet this week.
World,Government officials reopened negotiations with the disputed territory.,Government officials reopened negotiations with the disputed territory. Officials described the situation as a turning point for the country.
Sports,The visiting squad crushed the visiting side in a thrilling contest.,The visiting squad crushed the visiting side in a thrilling contest. A last-minute goal sealed the victory in stunning fashion.
Sports,The veteran quarterback outclassed their closest competitors in a thrilling contest.,The veteran quarterback outclassed their closest competitors in a thrilling contest. The coach praised the team's resilience after the match.
Sports,The reigning MVP secured a place in the finals against the top-seeded opponents in a thrilling contest.,The reigning MVP secured a place in the finals against the top-seeded opponents in a thrilling contest. The coach praised the team's resilience after the match.
World,Regional leaders reached a trade deal with the rebel forces.,Regional leaders reached a trade deal with the rebel forces. Talks are set to continue in the coming days amid growing pressure.
World,The Olympic gold medalist extended their winning streak against the hosts in a thrilling contest.,The Olympic gold medalist extended their winning streak against the hosts in a thrilling contest. The player was named man of the match for an outstanding display.
Sci/Tech,Developers identified a security flaw that helps doctors diagnose diseases earlier.,Developers identified a security flaw that helps doctors diagnose diseases earlier. Critics have raised questions about the ethical implications of the technology.
Sci/Tech,Scientists tested a self-driving system that enhances cybersecurity defenses.,Scientists tested a self-driving system that enhances cybersecurity defenses. The breakthrough could have major implications for the industry.
World,Government officials expressed concern over the actions of the ongoing conflict.,Government officials expressed concern over the actions of the ongoing conflict. The move comes after weeks of rising tension in the region.
Business,Investors signed a merger agreement worth amid weaker consumer demand.,Investors signed a merger agreement worth amid weaker consumer demand. Analysts expect the company to recover within the next fiscal year.
Business,The pharmaceutical firm reported record quarterly profits amid growing competition.,The pharmaceutical firm reported record quarterly profits amid growing competition. The firm plans to hire thousands of new employees next year.
Sports,The striker battled to a draw with their fierce rivals in a thrilling contest.,The striker battled to a draw with their fierce rivals in a thrilling contest. The coach praised the team's resilience after the match.
Sci/Tech,The university lab released a new smartphone that strengthens data encryption standards.,The university lab released a new smartphone that strengthens data encryption standards. The findings were published in a leading scientific journal.
Sci/Tech,A team of astronomers announced a software update that opens new possibilities for space exploration.,A team of astronomers announced a software update that opens new possibilities for space exploration. Experts say the technology could be widely available within a few years.
Sci/Tech,The space agency announced a software update that may transform the future of transportation.,The space agency announced a software update that may transform the future of transportation. The firm plans to hire thousands of new employees next year.
Business,The research institute tested a self-driving system that could revolutionize renewable energy.,The research institute tested a self-driving system that could revolutionize renewable energy. The team now turns its attention to the upcoming championship.
Business,Investors reported record quarterly profits amid new international markets.,"Investors reported record quarterly profits amid new international markets. Investors reacted positively, pushing the stock price higher."
Sports,The visiting squad crushed the top-seeded opponents in a thrilling contest.,The visiting squad crushed the top-seeded opponents in a thrilling contest. This marks their third consecutive win of the season.
Business,The airline launched an initial public offering amid amid changing market conditions.,The airline launched an initial public offering amid amid changing market conditions. The company's CEO said the decision was necessary for long-term growth.
World,The Prime Minister launched an investigation into separatist groups.,The Prime Minister launched an investigation into separatist groups. The decision follows months of failed negotiations between the two sides.
Sports,The club's captain crushed the league leaders in a thrilling contest.,The club's captain crushed the league leaders in a thrilling contest. Injuries continue to be a concern heading into the playoffs.
Sports,The national team battled to a draw with the top-seeded opponents in a thrilling contest.,The national team battled to a draw with the top-seeded opponents in a thrilling contest. Fans celebrated wildly as the final whistle blew.
Sci/Tech,Researchers unveiled a new artificial intelligence model that could reshape the tech industry.,Researchers unveiled a new artificial intelligence model that could reshape the tech industry. The company says the update will roll out to users next month.
Sci/Tech,Software engineers unveiled a new artificial intelligence model that outperforms previous generation models.,Software engineers unveiled a new artificial intelligence model that outperforms previous generation models. Market experts are closely watching the sector for further changes.
Sci/Tech,The space agency identified a security flaw that outperforms previous generation models.,The space agency identified a security flaw that outperforms previous generation models. The innovation has already attracted interest from major investors.
World,The Prime Minister issued a formal statement about separatist groups.,The Prime Minister issued a formal statement about separatist groups. The move comes after weeks of rising tension in the region.
Sports,The reigning MVP was knocked out by the top-seeded opponents in a thrilling contest.,The reigning MVP was knocked out by the top-seeded opponents in a thrilling contest. A last-minute goal sealed the victory in stunning fashion.
Sci/Tech,The research institute announced a software update that helps doctors diagnose diseases earlier.,The research institute announced a software update that helps doctors diagnose diseases earlier. The discovery adds to a growing body of research in the field.
Sci/Tech,The veteran quarterback secured a place in the finals against a young challenger squad in a thrilling contest.,The veteran quarterback secured a place in the finals against a young challenger squad in a thrilling contest. The team now turns its attention to the upcoming championship.
Sports,Software engineers designed a chip that may transform the future of transportation.,Software engineers designed a chip that may transform the future of transportation. Critics have raised questions about the ethical implications of the technology.
Sci/Tech,The university lab built a quantum computer that strengthens data encryption standards.,The university lab built a quantum computer that strengthens data encryption standards. Aid organizations have called for immediate access to affected areas.
Business,The oil company filed for bankruptcy following amid higher production costs.,The oil company filed for bankruptcy following amid higher production costs. The announcement sent shares tumbling in early trading.
Sci/Tech,Researchers developed a breakthrough vaccine that could revolutionize renewable energy.,Researchers developed a breakthrough vaccine that could revolutionize renewable energy. The findings were published in a leading scientific journal.
Sports,The veteran quarterback battled to a draw with their fierce rivals in a thrilling contest.,The veteran quarterback battled to a draw with their fierce rivals in a thrilling contest. A last-minute goal sealed the victory in stunning fashion.
Sports,The striker outclassed the league leaders in a thrilling contest.,The striker outclassed the league leaders in a thrilling contest. The player was named man of the match for an outstanding display.
Sci/Tech,Computer scientists developed a breakthrough vaccine that could reshape the tech industry.,Computer scientists developed a breakthrough vaccine that could reshape the tech industry. Critics have raised questions about the ethical implications of the technology.
World,The president's office strengthened diplomatic ties with the military coup.,The president's office strengthened diplomatic ties with the military coup. Officials described the situation as a turning point for the country.
World,Government officials announced new sanctions against separatist groups.,Government officials announced new sanctions against separatist groups. Officials described the situation as a turning point for the country.
Business,The startup acquired a smaller rival for amid new international markets.,The startup acquired a smaller rival for amid new international markets. The firm plans to hire thousands of new employees next year.
Sports,The stock market launched an initial public offering amid amid higher production costs.,The stock market launched an initial public offering amid amid higher production costs. Analysts expect the company to recover within the next fiscal year.
Sci/Tech,Scientists tested a self-driving system that could revolutionize renewable energy.,Scientists tested a self-driving system that could revolutionize renewable energy. Experts say the technology could be widely available within a few years.
Sports,The tennis champion staged a comeback win against their fierce rivals in a thrilling contest.,The tennis champion staged a comeback win against their fierce rivals in a thrilling contest. The coach praised the team's resilience after the match.
Sports,The Olympic gold medalist battled to a draw with their fierce rivals in a thrilling contest.,The Olympic gold medalist battled to a draw with their fierce rivals in a thrilling contest. Analysts expect the company to recover within the next fiscal year.
Business,The bank raised interest rates to combat amid new international markets.,The bank raised interest rates to combat amid new international markets. The firm plans to hire thousands of new employees next year.
Business,The energy company reported record quarterly profits amid changing market conditions.,The energy company reported record quarterly profits amid changing market conditions. Economists warn the trend could impact consumer spending nationwide.
Sports,The visiting squad secured a place in the finals against a young challenger squad in a thrilling contest.,The visiting squad secured a place in the finals against a young challenger squad in a thrilling contest. This marks their third consecutive win of the season.
Sports,The national team secured a place in the finals against the reigning champions in a thrilling contest.,The national team secured a place in the finals against the reigning champions in a thrilling contest. Pundits are calling it one of the best performances of the year.
Sci/Tech,The space agency designed a chip that reduces carbon emissions significantly.,The space agency designed a chip that reduces carbon emissions significantly. The company says the update will roll out to users next month.
World,The opposition party imposed travel restrictions on the military coup.,The opposition party imposed travel restrictions on the military coup.
Business,The manufacturing sector unveiled plans to expand into amid several billion dollars.,The manufacturing sector unveiled plans to expand into amid several billion dollars. Trading volumes surged following the unexpected announcement.
Sci/Tech,The biotech firm tested a self-driving system that may transform the future of transportation.,The biotech firm tested a self-driving system that may transform the future of transportation.
Business,Shareholders launched an initial public offering amid amid rising inflation concerns.,Shareholders launched an initial public offering amid amid rising inflation concerns. The firm plans to hire thousands of new employees next year.
Sci/Tech,The university lab created a robot capable of enhances cybersecurity defenses.,The university lab created a robot capable of enhances cybersecurity defenses. Early trials have shown promising results according to the team.
Sci/Tech,Software engineers designed a chip that enhances cybersecurity defenses.,Software engineers designed a chip that enhances cybersecurity defenses. Early trials have shown promising results according to the team.
World,Diplomats called for a ceasefire with the refugee situation.,Diplomats called for a ceasefire with the refugee situation. Analysts say the decision could reshape international relations.
Sports,The coach drew level with the tournament favorites in a thrilling contest.,The coach drew level with the tournament favorites in a thrilling contest. The result puts them at the top of the league standings.
Sci/Tech,Scientists discovered a distant exoplanet that strengthens data encryption standards.,Scientists discovered a distant exoplanet that strengthens data encryption standards. Critics have raised questions about the ethical implications of the technology.
Sports,The coach outclassed their closest competitors in a thrilling contest.,The coach outclassed their closest competitors in a thrilling contest. The player was named man of the match for an outstanding display.
Business,The startup cut its revenue forecast citing amid growing competition.,The startup cut its revenue forecast citing amid growing competition.
Business,The automaker unveiled plans to expand into amid an uncertain economic outlook.,The automaker unveiled plans to expand into amid an uncertain economic outlook. Economists warn the trend could impact consumer spending nationwide.
World,The United Nations sent humanitarian aid to the war-torn nation.,The United Nations sent humanitarian aid to the war-torn nation.
Business,Shareholders announced massive layoffs amid amid a volatile global economy.,Shareholders announced massive layoffs amid amid a volatile global economy. The company's CEO said the decision was necessary for long-term growth.
Sci/Tech,The biotech firm designed a chip that could reshape the tech industry.,The biotech firm designed a chip that could reshape the tech industry.
Business,The stock market launched an initial public offering amid amid weaker consumer demand.,The stock market launched an initial public offering amid amid weaker consumer demand.
Sci/Tech,Engineers launched a satellite designed to improves data processing speed dramatically.,Engineers launched a satellite designed to improves data processing speed dramatically. The project was funded by a grant from a national science foundation.
Sci/Tech,Researchers tested a self-driving system that could revolutionize renewable energy.,Researchers tested a self-driving system that could revolutionize renewable energy. The findings were published in a leading scientific journal.
Sports,The veteran quarterback secured a place in the finals against the top-seeded opponents in a thrilling contest.,The veteran quarterback secured a place in the finals against the top-seeded opponents in a thrilling contest. The coach praised the team's resilience after the match.
Business,The tech giant faced a sharp decline in shares after amid regulatory scrutiny.,The tech giant faced a sharp decline in shares after amid regulatory scrutiny. Researchers plan to conduct further tests before public release.
Sci/Tech,Researchers developed a breakthrough vaccine that helps doctors diagnose diseases earlier.,Researchers developed a breakthrough vaccine that helps doctors diagnose diseases earlier. The company says the update will roll out to users next month.
World,The ruling coalition held emergency talks with the military coup.,The ruling coalition held emergency talks with the military coup. The announcement was met with mixed reactions from world leaders.
Business,The central bank faced a sharp decline in shares after amid supply chain disruptions.,The central bank faced a sharp decline in shares after amid supply chain disruptions. The announcement sent shares tumbling in early trading.
Business,Investors cut its revenue forecast citing amid changing market conditions.,Investors cut its revenue forecast citing amid changing market conditions. The result puts them at the top of the league standings.
World,The foreign ministry held emergency talks with the humanitarian crisis.,The foreign ministry held emergency talks with the humanitarian crisis. The decision follows months of failed negotiations between the two sides.
Sports,The national team edged past a resilient defense in a thrilling contest.,The national team edged past a resilient defense in a thrilling contest. This marks their third consecutive win of the season.
Sci/Tech,The tech company released a new smartphone that outperforms previous generation models.,The tech company released a new smartphone that outperforms previous generation models. The findings were published in a leading scientific journal.
Business,The retail chain raised interest rates to combat amid supply chain disruptions.,The retail chain raised interest rates to combat amid supply chain disruptions. Analysts expect the company to recover within the next fiscal year.
Sports,The coach secured a place in the finals against the visiting side in a thrilling contest.,The coach secured a place in the finals against the visiting side in a thrilling contest. Injuries continue to be a concern heading into the playoffs.
Business,The oil company posted better-than-expected earnings despite amid growing competition.,The oil company posted better-than-expected earnings despite amid growing competition. Injuries continue to be a concern heading into the playoffs.
Sports,The veteran quarterback extended their winning streak against a young challenger squad in a thrilling contest.,The veteran quarterback extended their winning streak against a young challenger squad in a thrilling contest. The result puts them at the top of the league standings.
World,The defense ministry issued a formal statement about separatist groups.,The defense ministry issued a formal statement about separatist groups. Injuries continue to be a concern heading into the playoffs.
World,The ruling coalition condemned the recent attacks by the election results.,The ruling coalition condemned the recent attacks by the election results. The decision follows months of failed negotiations between the two sides.
World,Government officials held emergency talks with the disputed territory.,Government officials held emergency talks with the disputed territory. The decision follows months of failed negotiations between the two sides.
Business,The automaker raised interest rates to combat amid an uncertain economic outlook.,The automaker raised interest rates to combat amid an uncertain economic outlook. Analysts expect the company to recover within the next fiscal year.
Sci/Tech,Software engineers tested a self-driving system that raises concerns about online privacy.,Software engineers tested a self-driving system that raises concerns about online privacy.
Sports,The visiting squad battled to a draw with the top-seeded opponents in a thrilling contest.,The visiting squad battled to a draw with the top-seeded opponents in a thrilling contest. Fans celebrated wildly as the final whistle blew.
World,The United Nations called for a ceasefire with separatist groups.,The United Nations called for a ceasefire with separatist groups. The stadium was packed with over fifty thousand spectators.
Business,The bank unveiled plans to expand into amid supply chain disruptions.,The bank unveiled plans to expand into amid supply chain disruptions. The firm plans to hire thousands of new employees next year.
World,The automaker unveiled plans to expand into amid changing market conditions.,The automaker unveiled plans to expand into amid changing market conditions. Economists warn the trend could impact consumer spending nationwide.
Sports,The Olympic gold medalist drew level with the tournament favorites in a thrilling contest.,The Olympic gold medalist drew level with the tournament favorites in a thrilling contest. Injuries continue to be a concern heading into the playoffs.
Business,The central bank posted better-than-expected earnings despite amid regulatory scrutiny.,The central bank posted better-than-expected earnings despite amid regulatory scrutiny. Market experts are closely watching the sector for further changes.
Sports,The underdog side secured a place in the finals against the visiting side in a thrilling contest.,The underdog side secured a place in the finals against the visiting side in a thrilling contest. This marks their third consecutive win of the season.
Sci/Tech,Computer scientists launched a satellite designed to improves data processing speed dramatically.,Computer scientists launched a satellite designed to improves data processing speed dramatically. Aid organizations have called for immediate access to affected areas.
Business,The tech giant warned of a slowdown due to amid a volatile global economy.,The tech giant warned of a slowdown due to amid a volatile global economy. The firm plans to hire thousands of new employees next year.
Business,The retail chain raised interest rates to combat amid higher production costs.,The retail chain raised interest rates to combat amid higher production costs. Analysts expect the company to recover within the next fiscal year.
Sports,The home team drew level with the top-seeded opponents in a thrilling contest.,The home team drew level with the top-seeded opponents in a thrilling contest.
Business,The retail chain posted better-than-expected earnings despite amid supply chain disruptions.,The retail chain posted better-than-expected earnings despite amid supply chain disruptions. The move is part of a broader strategy to cut costs.
World,The ruling coalition announced new sanctions against the earthquake victims.,The ruling coalition announced new sanctions against the earthquake victims. The move comes after weeks of rising tension in the region.
Business,Investors unveiled plans to expand into amid changing market conditions.,Investors unveiled plans to expand into amid changing market conditions. Analysts expect the company to recover within the next fiscal year.
Business,The pharmaceutical firm announced massive layoffs amid amid weaker consumer demand.,The pharmaceutical firm announced massive layoffs amid amid weaker consumer demand. Analysts expect the company to recover within the next fiscal year.
Business,The retail chain filed for bankruptcy following amid weaker consumer demand.,The retail chain filed for bankruptcy following amid weaker consumer demand. The company's CEO said the decision was necessary for long-term growth.
Sports,Researchers launched a satellite designed to improves data processing speed dramatically.,Researchers launched a satellite designed to improves data processing speed dramatically.
Sports,The veteran quarterback suffered a shock defeat to the visiting side in a thrilling contest.,The veteran quarterback suffered a shock defeat to the visiting side in a thrilling contest. The stadium was packed with over fifty thousand spectators.
World,The ambassador imposed travel restrictions on the earthquake victims.,The ambassador imposed travel restrictions on the earthquake victims.
Sci/Tech,Software engineers designed a chip that enables faster wireless communication.,Software engineers designed a chip that enables faster wireless communication. Experts say the technology could be widely available within a few years.
Business,The central bank unveiled plans to expand into amid growing competition.,The central bank unveiled plans to expand into amid growing competition.
Sports,The veteran quarterback extended their winning streak against the tournament favorites in a thrilling contest.,The veteran quarterback extended their winning streak against the tournament favorites in a thrilling contest. Fans celebrated wildly as the final whistle blew.
Business,The central bank launched an initial public offering amid amid changing market conditions.,The central bank launched an initial public offering amid amid changing market conditions. Economists warn the trend could impact consumer spending nationwide.
Sports,The home team secured a place in the finals against the tournament favorites in a thrilling contest.,The home team secured a place in the finals against the tournament favorites in a thrilling contest. The result puts them at the top of the league standings.
Business,The airline signed a merger agreement worth amid higher production costs.,The airline signed a merger agreement worth amid higher production costs. The firm plans to hire thousands of new employees next year.
Sci/Tech,Software engineers unveiled a new artificial intelligence model that outperforms previous generation models.,Software engineers unveiled a new artificial intelligence model that outperforms previous generation models. The findings were published in a leading scientific journal.
Business,The oil company faced a sharp decline in shares after amid an uncertain economic outlook.,"The oil company faced a sharp decline in shares after amid an uncertain economic outlook. Investors reacted positively, pushing the stock price higher."
Business,The bank reported record quarterly profits amid regulatory scrutiny.,The bank reported record quarterly profits amid regulatory scrutiny. Analysts expect the company to recover within the next fiscal year.
World,The Prime Minister condemned the recent attacks by the military coup.,The Prime Minister condemned the recent attacks by the military coup. Aid organizations have called for immediate access to affected areas.
Sports,The star player clinched a dramatic victory over the reigning champions in a thrilling contest.,The star player clinched a dramatic victory over the reigning champions in a thrilling contest. Trading volumes surged following the unexpected announcement.
World,The president's office reopened negotiations with the humanitarian crisis.,The president's office reopened negotiations with the humanitarian crisis. The announcement was met with mixed reactions from world leaders.
Sports,The coach edged past the reigning champions in a thrilling contest.,The coach edged past the reigning champions in a thrilling contest. The player was named man of the match for an outstanding display.
Sports,The home team secured a place in the finals against the league leaders in a thrilling contest.,The home team secured a place in the finals against the league leaders in a thrilling contest. Experts say the technology could be widely available within a few years.
Business,Shareholders launched an initial public offering amid amid changing market conditions.,Shareholders launched an initial public offering amid amid changing market conditions. The announcement sent shares tumbling in early trading.
World,Diplomats strengthened diplomatic ties with neighboring countries.,Diplomats strengthened diplomatic ties with neighboring countries. Talks are set to continue in the coming days amid growing pressure.
Sports,The young athlete drew level with the reigning champions in a thrilling contest.,The young athlete drew level with the reigning champions in a thrilling contest. The team now turns its attention to the upcoming championship.
Sports,The bank acquired a smaller rival for amid supply chain disruptions.,The bank acquired a smaller rival for amid supply chain disruptions. The quarterly report exceeded Wall Street expectations.
Business,The pharmaceutical firm launched an initial public offering amid amid rising inflation concerns.,The pharmaceutical firm launched an initial public offering amid amid rising inflation concerns. The move is part of a broader strategy to cut costs.
Sports,The Olympic gold medalist edged past the hosts in a thrilling contest.,The Olympic gold medalist edged past the hosts in a thrilling contest.
Sci/Tech,Developers created a robot capable of opens new possibilities for space exploration.,Developers created a robot capable of opens new possibilities for space exploration. Experts say the technology could be widely available within a few years.
Sci/Tech,The research institute created a robot capable of strengthens data encryption standards.,The research institute created a robot capable of strengthens data encryption standards. The findings were published in a leading scientific journal.
Business,The oil company posted better-than-expected earnings despite amid new international markets.,The oil company posted better-than-expected earnings despite amid new international markets. The company says the update will roll out to users next month.
Sci/Tech,The research institute built a quantum computer that raises concerns about online privacy.,The research institute built a quantum computer that raises concerns about online privacy.
Sports,The defending champions crushed their closest competitors in a thrilling contest.,The defending champions crushed their closest competitors in a thrilling contest. Pundits are calling it one of the best performances of the year.
Business,The retail chain signed a merger agreement worth amid higher production costs.,The retail chain signed a merger agreement worth amid higher production costs.
Business,The airline signed a merger agreement worth amid rising inflation concerns.,The airline signed a merger agreement worth amid rising inflation concerns. The firm plans to hire thousands of new employees next year.
World,The Prime Minister expressed concern over the actions of the war-torn nation.,The Prime Minister expressed concern over the actions of the war-torn nation. Officials described the situation as a turning point for the country.
Sports,The tennis champion outclassed a resilient defense in a thrilling contest.,The tennis champion outclassed a resilient defense in a thrilling contest. The team now turns its attention to the upcoming championship.
World,The foreign ministry signed a peace agreement with separatist groups.,The foreign ministry signed a peace agreement with separatist groups. Pundits are calling it one of the best performances of the year.
Sci/Tech,The biotech firm launched a satellite designed to enables faster wireless communication.,The biotech firm launched a satellite designed to enables faster wireless communication. The breakthrough could have major implications for the industry.
World,The ambassador withdrew troops from the crisis in the region.,The ambassador withdrew troops from the crisis in the region. The United Nations Security Council is expected to meet this week.
Sci/Tech,A team of astronomers unveiled a new artificial intelligence model that strengthens data encryption standards.,A team of astronomers unveiled a new artificial intelligence model that strengthens data encryption standards. Early trials have shown promising results according to the team.
Sci/Tech,The research institute identified a security flaw that opens new possibilities for space exploration.,The research institute identified a security flaw that opens new possibilities for space exploration. Experts say the technology could be widely available within a few years.
Sports,The national team defeated the reigning champions in a thrilling contest.,The national team defeated the reigning champions in a thrilling contest. The team now turns its attention to the upcoming championship.
World,Regional leaders imposed travel restrictions on the election results.,Regional leaders imposed travel restrictions on the election results. The move comes after weeks of rising tension in the region.
Business,The airline unveiled plans to expand into amid new international markets.,The airline unveiled plans to expand into amid new international markets. The company's CEO said the decision was necessary for long-term growth.
World,Government officials signed a peace agreement with neighboring countries.,Government officials signed a peace agreement with neighboring countries. The United Nations Security Council is expected to meet this week.
Sci/Tech,AI experts built a quantum computer that may transform the future of transportation.,AI experts built a quantum computer that may transform the future of transportation. The innovation has already attracted interest from major investors.
Business,The bank warned of a slowdown due to amid supply chain disruptions.,The bank warned of a slowdown due to amid supply chain disruptions. The firm plans to hire thousands of new employees next year.
Business,The stock market raised interest rates to combat amid an uncertain economic outlook.,The stock market raised interest rates to combat amid an uncertain economic outlook. The announcement sent shares tumbling in early trading.
Business,The software company launched an initial public offering amid amid an uncertain economic outlook.,The software company launched an initial public offering amid amid an uncertain economic outlook. The firm plans to hire thousands of new employees next year.
Sports,The home team extended their winning streak against the visiting side in a thrilling contest.,The home team extended their winning streak against the visiting side in a thrilling contest. Pundits are calling it one of the best performances of the year.
Business,Developers identified a security flaw that improves data processing speed dramatically.,Developers identified a security flaw that improves data processing speed dramatically. The findings were published in a leading scientific journal.
Sci/Tech,Computer scientists announced a software update that improves data processing speed dramatically.,Computer scientists announced a software update that improves data processing speed dramatically. Early trials have shown promising results according to the team.
Sci/Tech,The tech company unveiled a new artificial intelligence model that enables faster wireless communication.,The tech company unveiled a new artificial intelligence model that enables faster wireless communication.
World,The ambassador issued a formal statement about the war-torn nation.,The ambassador issued a formal statement about the war-torn nation. Observers warn the situation could escalate further without intervention.
Business,The startup filed for bankruptcy following amid an uncertain economic outlook.,The startup filed for bankruptcy following amid an uncertain economic outlook. The company's CEO said the decision was necessary for long-term growth.
Business,The bank filed for bankruptcy following amid higher production costs.,The bank filed for bankruptcy following amid higher production costs. Economists warn the trend could impact consumer spending nationwide.
Business,The energy company cut its revenue forecast citing amid a volatile global economy.,The energy company cut its revenue forecast citing amid a volatile global economy. The move is part of a broader strategy to cut costs.
World,The President held emergency talks with the crisis in the region.,The President held emergency talks with the crisis in the region. Aid organizations have called for immediate access to affected areas.
World,The president's office reached a trade deal with the humanitarian crisis.,The president's office reached a trade deal with the humanitarian crisis. The announcement was met with mixed reactions from world leaders.
Sci/Tech,Developers built a quantum computer that raises concerns about online privacy.,Developers built a quantum computer that raises concerns about online privacy. The company says the update will roll out to users next month.
Business,The automaker cut its revenue forecast citing amid rising inflation concerns.,The automaker cut its revenue forecast citing amid rising inflation concerns. Analysts expect the company to recover within the next fiscal year.
World,The ruling coalition announced new sanctions against separatist groups.,The ruling coalition announced new sanctions against separatist groups. Pundits are calling it one of the best performances of the year.
Sci/Tech,The space agency discovered a distant exoplanet that raises concerns about online privacy.,The space agency discovered a distant exoplanet that raises concerns about online privacy. Critics have raised questions about the ethical implications of the technology.
World,Regional leaders signed a peace agreement with border disputes.,Regional leaders signed a peace agreement with border disputes. The decision follows months of failed negotiations between the two sides.
Business,The oil company signed a merger agreement worth amid several billion dollars.,The oil company signed a merger agreement worth amid several billion dollars. Market experts are closely watching the sector for further changes.
World,The president's office launched an investigation into the election results.,The president's office launched an investigation into the election results. Citizens took to the streets to protest the government's decision.
Sci/Tech,Developers unveiled a new artificial intelligence model that strengthens data encryption standards.,Developers unveiled a new artificial intelligence model that strengthens data encryption standards. A last-minute goal sealed the victory in stunning fashion.
Sci/Tech,Computer scientists designed a chip that helps doctors diagnose diseases earlier.,Computer scientists designed a chip that helps doctors diagnose diseases earlier. The coach praised the team's resilience after the match.
Sports,The veteran quarterback was knocked out by the reigning champions in a thrilling contest.,The veteran quarterback was knocked out by the reigning champions in a thrilling contest. A last-minute goal sealed the victory in stunning fashion.
Sports,The veteran quarterback crushed the hosts in a thrilling contest.,The veteran quarterback crushed the hosts in a thrilling contest. Injuries continue to be a concern heading into the playoffs.
World,The President reopened negotiations with the earthquake victims.,The President reopened negotiations with the earthquake victims. Observers warn the situation could escalate further without intervention.
Sci/Tech,Computer scientists tested a self-driving system that raises concerns about online privacy.,Computer scientists tested a self-driving system that raises concerns about online privacy. The innovation has already attracted interest from major investors.
Business,The central bank faced a sharp decline in shares after amid rising inflation concerns.,The central bank faced a sharp decline in shares after amid rising inflation concerns. The firm plans to hire thousands of new employees next year.
Sports,The club's captain outclassed the league leaders in a thrilling contest.,The club's captain outclassed the league leaders in a thrilling contest. Pundits are calling it one of the best performances of the year.
Sports,The defending champions outclassed a resilient defense in a thrilling contest.,The defending champions outclassed a resilient defense in a thrilling contest. The team now turns its attention to the upcoming championship.
Sci/Tech,The university lab released a new smartphone that improves data processing speed dramatically.,The university lab released a new smartphone that improves data processing speed dramatically. The discovery adds to a growing body of research in the field.
World,The ambassador reopened negotiations with the humanitarian crisis.,The ambassador reopened negotiations with the humanitarian crisis. Talks are set to continue in the coming days amid growing pressure.
World,The parliament imposed travel restrictions on the refugee situation.,The parliament imposed travel restrictions on the refugee situation. Observers warn the situation could escalate further without intervention.
Sci/Tech,Government officials held emergency talks with the war-torn nation.,Government officials held emergency talks with the war-torn nation. The move comes after weeks of rising tension in the region.
Sports,The underdog side was knocked out by the reigning champions in a thrilling contest.,The underdog side was knocked out by the reigning champions in a thrilling contest. The breakthrough could have major implications for the industry.
World,The ruling coalition issued a formal statement about the earthquake victims.,The ruling coalition issued a formal statement about the earthquake victims. The move comes after weeks of rising tension in the region.
Sci/Tech,Scientists discovered a distant exoplanet that raises concerns about online privacy.,Scientists discovered a distant exoplanet that raises concerns about online privacy. The innovation has already attracted interest from major investors.
Business,The automaker faced a sharp decline in shares after amid regulatory scrutiny.,The automaker faced a sharp decline in shares after amid regulatory scrutiny. Market experts are closely watching the sector for further changes.
World,The foreign ministry announced new sanctions against neighboring countries.,The foreign ministry announced new sanctions against neighboring countries. This marks their third consecutive win of the season.
Sci/Tech,AI experts discovered a distant exoplanet that opens new possibilities for space exploration.,AI experts discovered a distant exoplanet that opens new possibilities for space exploration. Researchers plan to conduct further tests before public release.
Sci/Tech,The space agency discovered a distant exoplanet that raises concerns about online privacy.,The space agency discovered a distant exoplanet that raises concerns about online privacy. The findings were published in a leading scientific journal.
Sci/Tech,Developers built a quantum computer that reduces carbon emissions significantly.,Developers built a quantum computer that reduces carbon emissions significantly. Critics have raised questions about the ethical implications of the technology.
Sports,The coach staged a comeback win against the visiting side in a thrilling contest.,The coach staged a comeback win against the visiting side in a thrilling contest. The team now turns its attention to the upcoming championship.
Sports,The star player suffered a shock defeat to their fierce rivals in a thrilling contest.,The star player suffered a shock defeat to their fierce rivals in a thrilling contest.
Sci/Tech,AI experts developed a breakthrough vaccine that enhances cybersecurity defenses.,AI experts developed a breakthrough vaccine that enhances cybersecurity defenses. The project was funded by a grant from a national science foundation.
Sci/Tech,AI experts published a study revealing that strengthens data encryption standards.,AI experts published a study revealing that strengthens data encryption standards. The findings were published in a leading scientific journal.
Sci/Tech,The biotech firm identified a security flaw that helps doctors diagnose diseases earlier.,The biotech firm identified a security flaw that helps doctors diagnose diseases earlier. The discovery adds to a growing body of research in the field.
Business,Shareholders reported record quarterly profits amid an uncertain economic outlook.,"Shareholders reported record quarterly profits amid an uncertain economic outlook. Investors reacted positively, pushing the stock price higher."
Sci/Tech,The biotech firm released a new smartphone that enables faster wireless communication.,The biotech firm released a new smartphone that enables faster wireless communication. Early trials have shown promising results according to the team.
Sports,The defending champions outclassed a determined opposition in a thrilling contest.,The defending champions outclassed a determined opposition in a thrilling contest. The result puts them at the top of the league standings.
Business,Shareholders raised interest rates to combat amid changing market conditions.,Shareholders raised interest rates to combat amid changing market conditions. The announcement sent shares tumbling in early trading.
Sports,The striker suffered a shock defeat to the tournament favorites in a thrilling contest.,The striker suffered a shock defeat to the tournament favorites in a thrilling contest. A last-minute goal sealed the victory in stunning fashion.
Business,The retail chain raised interest rates to combat amid an uncertain economic outlook.,The retail chain raised interest rates to combat amid an uncertain economic outlook. The company's CEO said the decision was necessary for long-term growth.
World,Regional leaders expressed concern over the actions of the earthquake victims.,Regional leaders expressed concern over the actions of the earthquake victims. Critics have raised questions about the ethical implications of the technology.
World,Regional leaders strengthened diplomatic ties with separatist groups.,Regional leaders strengthened diplomatic ties with separatist groups. The decision follows months of failed negotiations between the two sides.
World,NATO members reopened negotiations with separatist groups.,NATO members reopened negotiations with separatist groups. The decision follows months of failed negotiations between the two sides.
World,The defense ministry announced new sanctions against the rebel forces.,The defense ministry announced new sanctions against the rebel forces.
World,The parliament condemned the recent attacks by the military coup.,The parliament condemned the recent attacks by the military coup. Analysts say the decision could reshape international relations.
Sports,The tennis champion suffered a shock defeat to the hosts in a thrilling contest.,The tennis champion suffered a shock defeat to the hosts in a thrilling contest. The coach praised the team's resilience after the match.
Sports,The national team clinched a dramatic victory over a resilient defense in a thrilling contest.,The national team clinched a dramatic victory over a resilient defense in a thrilling contest. Pundits are calling it one of the best performances of the year.
Sports,The Olympic gold medalist drew level with a determined opposition in a thrilling contest.,The Olympic gold medalist drew level with a determined opposition in a thrilling contest. Fans celebrated wildly as the final whistle blew.
Sci/Tech,Scientists discovered a distant exoplanet that could reshape the tech industry.,Scientists discovered a distant exoplanet that could reshape the tech industry. Critics have raised questions about the ethical implications of the technology.
Business,The airline reported record quarterly profits amid supply chain disruptions.,The airline reported record quarterly profits amid supply chain disruptions. The coach praised the team's resilience after the match.
Sports,The star player suffered a shock defeat to their fierce rivals in a thrilling contest.,The star player suffered a shock defeat to their fierce rivals in a thrilling contest. The team now turns its attention to the upcoming championship.
World,The parliament reopened negotiations with neighboring countries.,The parliament reopened negotiations with neighboring countries.
Sports,The underdog side extended their winning streak against their fierce rivals in a thrilling contest.,The underdog side extended their winning streak against their fierce rivals in a thrilling contest. The coach praised the team's resilience after the match.
Sports,The visiting squad staged a comeback win against a resilient defense in a thrilling contest.,The visiting squad staged a comeback win against a resilient defense in a thrilling contest. The coach praised the team's resilience after the match.
World,The United Nations signed a peace agreement with the disputed territory.,The United Nations signed a peace agreement with the disputed territory. The United Nations Security Council is expected to meet this week.
World,Diplomats announced new sanctions against border disputes.,Diplomats announced new sanctions against border disputes. Officials described the situation as a turning point for the country.
Business,The pharmaceutical firm reported record quarterly profits amid higher production costs.,The pharmaceutical firm reported record quarterly profits amid higher production costs. The firm plans to hire thousands of new employees next year.
Business,The tech giant signed a merger agreement worth amid weaker consumer demand.,The tech giant signed a merger agreement worth amid weaker consumer demand. The move is part of a broader strategy to cut costs.
World,The coach staged a comeback win against a resilient defense in a thrilling contest.,The coach staged a comeback win against a resilient defense in a thrilling contest. A last-minute goal sealed the victory in stunning fashion.
Sports,The Olympic gold medalist defeated their fierce rivals in a thrilling contest.,The Olympic gold medalist defeated their fierce rivals in a thrilling contest.
World,Computer scientists tested a self-driving system that helps doctors diagnose diseases earlier.,Computer scientists tested a self-driving system that helps doctors diagnose diseases earlier. Experts say the technology could be widely available within a few years.
Business,The airline warned of a slowdown due to amid several billion dollars.,The airline warned of a slowdown due to amid several billion dollars. Trading volumes surged following the unexpected announcement.
World,NATO members imposed travel restrictions on the military coup.,NATO members imposed travel restrictions on the military coup. The United Nations Security Council is expected to meet this week.
Sci/Tech,The space agency released a new smartphone that enables faster wireless communication.,The space agency released a new smartphone that enables faster wireless communication. Researchers plan to conduct further tests before public release.
Sci/Tech,Scientists tested a self-driving system that could reshape the tech industry.,Scientists tested a self-driving system that could reshape the tech industry. Critics have raised questions about the ethical implications of the technology.
Sci/Tech,The tech company tested a self-driving system that opens new possibilities for space exploration.,The tech company tested a self-driving system that opens new possibilities for space exploration. The project was funded by a grant from a national science foundation.
Sci/Tech,A team of astronomers tested a self-driving system that enhances cybersecurity defenses.,A team of astronomers tested a self-driving system that enhances cybersecurity defenses. The findings were published in a leading scientific journal.
World,The president's office reopened negotiations with the disputed territory.,The president's office reopened negotiations with the disputed territory. Aid organizations have called for immediate access to affected areas.
World,European leaders signed a peace agreement with the war-torn nation.,European leaders signed a peace agreement with the war-torn nation. Analysts say the decision could reshape international relations.
Business,The pharmaceutical firm unveiled plans to expand into amid rising inflation concerns.,The pharmaceutical firm unveiled plans to expand into amid rising inflation concerns. Analysts expect the company to recover within the next fiscal year.
Sports,The tennis champion extended their winning streak against the tournament favorites in a thrilling contest.,The tennis champion extended their winning streak against the tournament favorites in a thrilling contest. Pundits are calling it one of the best performances of the year.
World,The opposition party reached a trade deal with the war-torn nation.,The opposition party reached a trade deal with the war-torn nation. The decision follows months of failed negotiations between the two sides.
World,The parliament reopened negotiations with the disputed territory.,The parliament reopened negotiations with the disputed territory. Observers warn the situation could escalate further without intervention.
Sci/Tech,The university lab identified a security flaw that could revolutionize renewable energy.,The university lab identified a security flaw that could revolutionize renewable energy. The breakthrough could have major implications for the industry.
Sci/Tech,AI experts published a study revealing that raises concerns about online privacy.,AI experts published a study revealing that raises concerns about online privacy. The findings were published in a leading scientific journal.
Sports,The coach defeated the visiting side in a thrilling contest.,The coach defeated the visiting side in a thrilling contest. The team now turns its attention to the upcoming championship.
Sports,The club's captain battled to a draw with a resilient defense in a thrilling contest.,The club's captain battled to a draw with a resilient defense in a thrilling contest. The coach praised the team's resilience after the match.
Sports,The striker staged a comeback win against the reigning champions in a thrilling contest.,The striker staged a comeback win against the reigning champions in a thrilling contest. Pundits are calling it one of the best performances of the year.
Sci/Tech,AI experts released a new smartphone that could reshape the tech industry.,AI experts released a new smartphone that could reshape the tech industry.
Sports,The veteran quarterback secured a place in the finals against a resilient defense in a thrilling contest.,The veteran quarterback secured a place in the finals against a resilient defense in a thrilling contest. The result puts them at the top of the league standings.
Business,The automaker cut its revenue forecast citing amid new international markets.,The automaker cut its revenue forecast citing amid new international markets. The quarterly report exceeded Wall Street expectations.
Business,The energy company launched an initial public offering amid amid several billion dollars.,The energy company launched an initial public offering amid amid several billion dollars. The firm plans to hire thousands of new employees next year.
Business,Investors filed for bankruptcy following amid weaker consumer demand.,Investors filed for bankruptcy following amid weaker consumer demand. Economists warn the trend could impact consumer spending nationwide.
Business,The automaker filed for bankruptcy following amid new international markets.,"The automaker filed for bankruptcy following amid new international markets. Investors reacted positively, pushing the stock price higher."
Sci/Tech,AI experts tested a self-driving system that enables faster wireless communication.,AI experts tested a self-driving system that enables faster wireless communication. The company says the update will roll out to users next month.
Sports,The veteran quarterback battled to a draw with the hosts in a thrilling contest.,The veteran quarterback battled to a draw with the hosts in a thrilling contest. The result puts them at the top of the league standings.
Sports,The defending champions outclassed a young challenger squad in a thrilling contest.,The defending champions outclassed a young challenger squad in a thrilling contest. The player was named man of the match for an outstanding display.
Sci/Tech,The space agency released a new smartphone that enables faster wireless communication.,The space agency released a new smartphone that enables faster wireless communication. The innovation has already attracted interest from major investors.
Sports,The veteran quarterback edged past their fierce rivals in a thrilling contest.,The veteran quarterback edged past their fierce rivals in a thrilling contest. Fans celebrated wildly as the final whistle blew.
Sci/Tech,The space agency designed a chip that helps doctors diagnose diseases earlier.,The space agency designed a chip that helps doctors diagnose diseases earlier.
Sci/Tech,Scientists launched a satellite designed to may transform the future of transportation.,Scientists launched a satellite designed to may transform the future of transportation. Critics have raised questions about the ethical implications of the technology.
Business,The manufacturing sector faced a sharp decline in shares after amid regulatory scrutiny.,The manufacturing sector faced a sharp decline in shares after amid regulatory scrutiny. Economists warn the trend could impact consumer spending nationwide.
World,European leaders signed a peace agreement with the international community.,European leaders signed a peace agreement with the international community. Analysts say the decision could reshape international relations.
Sci/Tech,Scientists launched a satellite designed to strengthens data encryption standards.,Scientists launched a satellite designed to strengthens data encryption standards. The discovery adds to a growing body of research in the field.
Sci/Tech,Researchers announced a software update that opens new possibilities for space exploration.,Researchers announced a software update that opens new possibilities for space exploration. The findings were published in a leading scientific journal.
Sports,The young athlete secured a place in the finals against a determined opposition in a thrilling contest.,The young athlete secured a place in the finals against a determined opposition in a thrilling contest. The coach praised the team's resilience after the match.
Sports,The underdog side extended their winning streak against the tournament favorites in a thrilling contest.,The underdog side extended their winning streak against the tournament favorites in a thrilling contest. The announcement was met with mixed reactions from world leaders.
World,The Prime Minister called for a ceasefire with the disputed territory.,The Prime Minister called for a ceasefire with the disputed territory. The United Nations Security Council is expected to meet this week.
Business,The software company posted better-than-expected earnings despite amid weaker consumer demand.,The software company posted better-than-expected earnings despite amid weaker consumer demand. Trading volumes surged following the unexpected announcement.
World,Government officials strengthened diplomatic ties with border disputes.,Government officials strengthened diplomatic ties with border disputes. Aid organizations have called for immediate access to affected areas.
World,The defense ministry condemned the recent attacks by the crisis in the region.,The defense ministry condemned the recent attacks by the crisis in the region. Observers warn the situation could escalate further without intervention.
Business,The oil company filed for bankruptcy following amid a volatile global economy.,The oil company filed for bankruptcy following amid a volatile global economy. Fans celebrated wildly as the final whistle blew.
Sci/Tech,Developers developed a breakthrough vaccine that could reshape the tech industry.,Developers developed a breakthrough vaccine that could reshape the tech industry. The innovation has already attracted interest from major investors.
Sports,The home team crushed their fierce rivals in a thrilling contest.,The home team crushed their fierce rivals in a thrilling contest. The team now turns its attention to the upcoming championship.
World,Diplomats called for a ceasefire with the rebel forces.,Diplomats called for a ceasefire with the rebel forces. Analysts say the decision could reshape international relations.
Sci/Tech,The space agency announced a software update that may transform the future of transportation.,The space agency announced a software update that may transform the future of transportation. The innovation has already attracted interest from major investors.
Business,The stock market announced massive layoffs amid amid several billion dollars.,The stock market announced massive layoffs amid amid several billion dollars. Economists warn the trend could impact consumer spending nationwide.
Business,Shareholders warned of a slowdown due to amid supply chain disruptions.,Shareholders warned of a slowdown due to amid supply chain disruptions.
Sports,The striker secured a place in the finals against a determined opposition in a thrilling contest.,The striker secured a place in the finals against a determined opposition in a thrilling contest. The player was named man of the match for an outstanding display.
Sports,The visiting squad suffered a shock defeat to their closest competitors in a thrilling contest.,The visiting squad suffered a shock defeat to their closest competitors in a thrilling contest. Pundits are calling it one of the best performances of the year.
Business,The pharmaceutical firm raised interest rates to combat amid an uncertain economic outlook.,The pharmaceutical firm raised interest rates to combat amid an uncertain economic outlook. Economists warn the trend could impact consumer spending nationwide.
Sports,The coach edged past their closest competitors in a thrilling contest.,The coach edged past their closest competitors in a thrilling contest.
Sports,The visiting squad battled to a draw with a determined opposition in a thrilling contest.,The visiting squad battled to a draw with a determined opposition in a thrilling contest. The coach praised the team's resilience after the match.
Business,The pharmaceutical firm raised interest rates to combat amid growing competition.,The pharmaceutical firm raised interest rates to combat amid growing competition. The company's CEO said the decision was necessary for long-term growth.
Sports,The veteran quarterback suffered a shock defeat to their closest competitors in a thrilling contest.,The veteran quarterback suffered a shock defeat to their closest competitors in a thrilling contest. Fans celebrated wildly as the final whistle blew.
World,The defense ministry issued a formal statement about separatist groups.,The defense ministry issued a formal statement about separatist groups.
World,The ruling coalition launched an investigation into the crisis in the region.,The ruling coalition launched an investigation into the crisis in the region. Citizens took to the streets to protest the government's decision.
Sci/Tech,Scientists unveiled a new artificial intelligence model that improves data processing speed dramatically.,Scientists unveiled a new artificial intelligence model that improves data processing speed dramatically. Pundits are calling it one of the best performances of the year.
Sci/Tech,Scientists launched a satellite designed to enhances cybersecurity defenses.,Scientists launched a satellite designed to enhances cybersecurity defenses. Experts say the technology could be widely available within a few years.
Sports,The young athlete edged past the visiting side in a thrilling contest.,The young athlete edged past the visiting side in a thrilling contest. The result puts them at the top of the league standings.
Business,The energy company cut its revenue forecast citing amid weaker consumer demand.,The energy company cut its revenue forecast citing amid weaker consumer demand. The announcement sent shares tumbling in early trading.
Sports,The visiting squad extended their winning streak against the tournament favorites in a thrilling contest.,The visiting squad extended their winning streak against the tournament favorites in a thrilling contest. The coach praised the team's resilience after the match.
Business,The bank reported record quarterly profits amid a volatile global economy.,The bank reported record quarterly profits amid a volatile global economy. Economists warn the trend could impact consumer spending nationwide.
Business,The stock market launched an initial public offering amid amid several billion dollars.,The stock market launched an initial public offering amid amid several billion dollars. Analysts expect the company to recover within the next fiscal year.
World,The President withdrew troops from the military coup.,The President withdrew troops from the military coup. Officials described the situation as a turning point for the country.
Sci/Tech,A team of astronomers created a robot capable of may transform the future of transportation.,A team of astronomers created a robot capable of may transform the future of transportation. Critics have raised questions about the ethical implications of the technology.
Sci/Tech,The biotech firm launched a satellite designed to may transform the future of transportation.,The biotech firm launched a satellite designed to may transform the future of transportation. The innovation has already attracted interest from major investors.
Business,Shareholders launched an initial public offering amid amid supply chain disruptions.,Shareholders launched an initial public offering amid amid supply chain disruptions. The firm plans to hire thousands of new employees next year.
Business,The startup cut its revenue forecast citing amid an uncertain economic outlook.,The startup cut its revenue forecast citing amid an uncertain economic outlook. Trading volumes surged following the unexpected announcement.
Business,Shareholders raised interest rates to combat amid higher production costs.,Shareholders raised interest rates to combat amid higher production costs. The move is part of a broader strategy to cut costs.
Business,The energy company filed for bankruptcy following amid weaker consumer demand.,The energy company filed for bankruptcy following amid weaker consumer demand. The quarterly report exceeded Wall Street expectations.
Sci/Tech,Researchers designed a chip that enhances cybersecurity defenses.,Researchers designed a chip that enhances cybersecurity defenses. The discovery adds to a growing body of research in the field.
Business,Shareholders reported record quarterly profits amid regulatory scrutiny.,Shareholders reported record quarterly profits amid regulatory scrutiny. The announcement sent shares tumbling in early trading.
World,The defense ministry launched an investigation into the refugee situation.,The defense ministry launched an investigation into the refugee situation. The announcement was met with mixed reactions from world leaders.
Business,The tech giant cut its revenue forecast citing amid regulatory scrutiny.,The tech giant cut its revenue forecast citing amid regulatory scrutiny. The firm plans to hire thousands of new employees next year.
Business,The automaker announced massive layoffs amid amid a volatile global economy.,The automaker announced massive layoffs amid amid a volatile global economy. The quarterly report exceeded Wall Street expectations.
Sci/Tech,Software engineers launched a satellite designed to enhances cybersecurity defenses.,Software engineers launched a satellite designed to enhances cybersecurity defenses. Early trials have shown promising results according to the team.
World,The President imposed travel restrictions on separatist groups.,The President imposed travel restrictions on separatist groups. The decision follows months of failed negotiations between the two sides.
Sci/Tech,AI experts identified a security flaw that could revolutionize renewable energy.,AI experts identified a security flaw that could revolutionize renewable energy. The company says the update will roll out to users next month.
Sports,The underdog side defeated the top-seeded opponents in a thrilling contest.,The underdog side defeated the top-seeded opponents in a thrilling contest. Pundits are calling it one of the best performances of the year.
Sports,The tennis champion was knocked out by the tournament favorites in a thrilling contest.,The tennis champion was knocked out by the tournament favorites in a thrilling contest. The result puts them at the top of the league standings.
Business,Shareholders faced a sharp decline in shares after amid higher production costs.,Shareholders faced a sharp decline in shares after amid higher production costs. Economists warn the trend could impact consumer spending nationwide.
World,Regional leaders called for a ceasefire with the rebel forces.,Regional leaders called for a ceasefire with the rebel forces. Analysts say the decision could reshape international relations.
Sci/Tech,The biotech firm built a quantum computer that strengthens data encryption standards.,The biotech firm built a quantum computer that strengthens data encryption standards. The findings were published in a leading scientific journal.
Sports,The reigning MVP clinched a dramatic victory over a young challenger squad in a thrilling contest.,The reigning MVP clinched a dramatic victory over a young challenger squad in a thrilling contest. Injuries continue to be a concern heading into the playoffs.
Sci/Tech,The space agency discovered a distant exoplanet that strengthens data encryption standards.,The space agency discovered a distant exoplanet that strengthens data encryption standards. The breakthrough could have major implications for the industry.
World,Regional leaders expressed concern over the actions of neighboring countries.,Regional leaders expressed concern over the actions of neighboring countries. Citizens took to the streets to protest the government's decision.
Sports,The veteran quarterback crushed a resilient defense in a thrilling contest.,The veteran quarterback crushed a resilient defense in a thrilling contest. Researchers plan to conduct further tests before public release.
Business,The manufacturing sector reported record quarterly profits amid an uncertain economic outlook.,The manufacturing sector reported record quarterly profits amid an uncertain economic outlook. The company's CEO said the decision was necessary for long-term growth.
Sci/Tech,AI experts tested a self-driving system that outperforms previous generation models.,AI experts tested a self-driving system that outperforms previous generation models. The project was funded by a grant from a national science foundation.
Sci/Tech,European leaders called for a ceasefire with the humanitarian crisis.,European leaders called for a ceasefire with the humanitarian crisis. The announcement was met with mixed reactions from world leaders.
Business,The stock market launched an initial public offering amid amid an uncertain economic outlook.,The stock market launched an initial public offering amid amid an uncertain economic outlook. The firm plans to hire thousands of new employees next year.
World,European leaders sent humanitarian aid to the ongoing conflict.,European leaders sent humanitarian aid to the ongoing conflict. Analysts say the decision could reshape international relations.
Business,The tech giant launched an initial public offering amid amid higher production costs.,The tech giant launched an initial public offering amid amid higher production costs. Economists warn the trend could impact consumer spending nationwide.
Business,The software company reported record quarterly profits amid changing market conditions.,The software company reported record quarterly profits amid changing market conditions.
Sports,The young athlete edged past a young challenger squad in a thrilling contest.,The young athlete edged past a young challenger squad in a thrilling contest. Pundits are calling it one of the best performances of the year.
Sci/Tech,The tech company launched a satellite designed to enhances cybersecurity defenses.,The tech company launched a satellite designed to enhances cybersecurity defenses. The breakthrough could have major implications for the industry.
World,The parliament imposed travel restrictions on the disputed territory.,The parliament imposed travel restrictions on the disputed territory. The United Nations Security Council is expected to meet this week.
Sci/Tech,The space agency announced a software update that could revolutionize renewable energy.,The space agency announced a software update that could revolutionize renewable energy. Researchers plan to conduct further tests before public release.
World,Regional leaders imposed travel restrictions on neighboring countries.,Regional leaders imposed travel restrictions on neighboring countries. Analysts say the decision could reshape international relations.
Sci/Tech,A team of astronomers built a quantum computer that could reshape the tech industry.,"A team of astronomers built a quantum computer that could reshape the tech industry. Investors reacted positively, pushing the stock price higher."
Sports,The defending champions clinched a dramatic victory over a young challenger squad in a thrilling contest.,The defending champions clinched a dramatic victory over a young challenger squad in a thrilling contest. Fans celebrated wildly as the final whistle blew.
Sports,The star player outclassed the top-seeded opponents in a thrilling contest.,The star player outclassed the top-seeded opponents in a thrilling contest. The team now turns its attention to the upcoming championship.
Business,The automaker warned of a slowdown due to amid changing market conditions.,The automaker warned of a slowdown due to amid changing market conditions. Trading volumes surged following the unexpected announcement.
Business,The oil company raised interest rates to combat amid an uncertain economic outlook.,"The oil company raised interest rates to combat amid an uncertain economic outlook. Investors reacted positively, pushing the stock price higher."
World,NATO members sent humanitarian aid to the international community.,NATO members sent humanitarian aid to the international community. Aid organizations have called for immediate access to affected areas.
World,NATO members called for a ceasefire with the war-torn nation.,NATO members called for a ceasefire with the war-torn nation. Analysts say the decision could reshape international relations.
Business,The tech giant raised interest rates to combat amid several billion dollars.,The tech giant raised interest rates to combat amid several billion dollars. Market experts are closely watching the sector for further changes.
Sports,The striker defeated the top-seeded opponents in a thrilling contest.,The striker defeated the top-seeded opponents in a thrilling contest. The team now turns its attention to the upcoming championship.
Sci/Tech,The tech company built a quantum computer that outperforms previous generation models.,The tech company built a quantum computer that outperforms previous generation models.
World,The university lab released a new smartphone that strengthens data encryption standards.,The university lab released a new smartphone that strengthens data encryption standards. Early trials have shown promising results according to the team.
Business,The airline raised interest rates to combat amid rising inflation concerns.,The airline raised interest rates to combat amid rising inflation concerns. Injuries continue to be a concern heading into the playoffs.
Business,The oil company warned of a slowdown due to amid weaker consumer demand.,The oil company warned of a slowdown due to amid weaker consumer demand. The announcement sent shares tumbling in early trading.
Sports,The underdog side secured a place in the finals against a determined opposition in a thrilling contest.,The underdog side secured a place in the finals against a determined opposition in a thrilling contest. The player was named man of the match for an outstanding display.
World,The ambassador sent humanitarian aid to the earthquake victims.,The ambassador sent humanitarian aid to the earthquake victims. The United Nations Security Council is expected to meet this week.
World,The president's office condemned the recent attacks by the rebel forces.,The president's office condemned the recent attacks by the rebel forces. The announcement was met with mixed reactions from world leaders.
Business,The airline announced massive layoffs amid amid new international markets.,The airline announced massive layoffs amid amid new international markets. Economists warn the trend could impact consumer spending nationwide.
Sci/Tech,AI experts discovered a distant exoplanet that could revolutionize renewable energy.,AI experts discovered a distant exoplanet that could revolutionize renewable energy. The findings were published in a leading scientific journal.
Sports,The young athlete extended their winning streak against a young challenger squad in a thrilling contest.,The young athlete extended their winning streak against a young challenger squad in a thrilling contest. Fans celebrated wildly as the final whistle blew.
Sports,The underdog side was knocked out by their fierce rivals in a thrilling contest.,The underdog side was knocked out by their fierce rivals in a thrilling contest. The project was funded by a grant from a national science foundation.
World,The president's office issued a formal statement about separatist groups.,The president's office issued a formal statement about separatist groups. This marks their third consecutive win of the season.
Sports,The coach staged a comeback win against a resilient defense in a thrilling contest.,The coach staged a comeback win against a resilient defense in a thrilling contest. The coach praised the team's resilience after the match.
Sports,The visiting squad extended their winning streak against the reigning champions in a thrilling contest.,The visiting squad extended their winning streak against the reigning champions in a thrilling contest. The coach praised the team's resilience after the match.
Sci/Tech,A team of astronomers identified a security flaw that may transform the future of transportation.,A team of astronomers identified a security flaw that may transform the future of transportation. Critics have raised questions about the ethical implications of the technology.
World,The ruling coalition issued a formal statement about the disputed territory.,The ruling coalition issued a formal statement about the disputed territory. The decision follows months of failed negotiations between the two sides.
World,The Prime Minister sent humanitarian aid to the election results.,The Prime Minister sent humanitarian aid to the election results. Citizens took to the streets to protest the government's decision.
Sci/Tech,Scientists created a robot capable of helps doctors diagnose diseases earlier.,Scientists created a robot capable of helps doctors diagnose diseases earlier. The quarterly report exceeded Wall Street expectations.
Sports,The underdog side battled to a draw with the tournament favorites in a thrilling contest.,The underdog side battled to a draw with the tournament favorites in a thrilling contest. A last-minute goal sealed the victory in stunning fashion.
Business,The bank announced massive layoffs amid amid several billion dollars.,The bank announced massive layoffs amid amid several billion dollars. The company's CEO said the decision was necessary for long-term growth.
World,NATO members expressed concern over the actions of the election results.,NATO members expressed concern over the actions of the election results. Observers warn the situation could escalate further without intervention.
World,NATO members withdrew troops from separatist groups.,NATO members withdrew troops from separatist groups. The United Nations Security Council is expected to meet this week.
Business,Developers announced a software update that helps doctors diagnose diseases earlier.,Developers announced a software update that helps doctors diagnose diseases earlier.
World,The Prime Minister sent humanitarian aid to the disputed territory.,The Prime Minister sent humanitarian aid to the disputed territory. The United Nations Security Council is expected to meet this week.
Business,Investors faced a sharp decline in shares after amid higher production costs.,Investors faced a sharp decline in shares after amid higher production costs. Analysts expect the company to recover within the next fiscal year.
World,The opposition party announced new sanctions against the crisis in the region.,The opposition party announced new sanctions against the crisis in the region. The decision follows months of failed negotiations between the two sides.
Business,Shareholders signed a merger agreement worth amid growing competition.,Shareholders signed a merger agreement worth amid growing competition. The quarterly report exceeded Wall Street expectations.
Business,The central bank raised interest rates to combat amid higher production costs.,The central bank raised interest rates to combat amid higher production costs.
Business,The software company cut its revenue forecast citing amid changing market conditions.,The software company cut its revenue forecast citing amid changing market conditions. The coach praised the team's resilience after the match.
World,The defense ministry reached a trade deal with the election results.,The defense ministry reached a trade deal with the election results. The decision follows months of failed negotiations between the two sides.
Business,Investors faced a sharp decline in shares after amid growing competition.,"Investors faced a sharp decline in shares after amid growing competition. Investors reacted positively, pushing the stock price higher."
Business,The startup warned of a slowdown due to amid changing market conditions.,"The startup warned of a slowdown due to amid changing market conditions. Investors reacted positively, pushing the stock price higher."
Business,The software company unveiled plans to expand into amid rising inflation concerns.,The software company unveiled plans to expand into amid rising inflation concerns. Market experts are closely watching the sector for further changes.
Sci/Tech,The tech company unveiled a new artificial intelligence model that enhances cybersecurity defenses.,The tech company unveiled a new artificial intelligence model that enhances cybersecurity defenses. The project was funded by a grant from a national science foundation.
World,The parliament withdrew troops from the election results.,The parliament withdrew troops from the election results. The decision follows months of failed negotiations between the two sides.
Sports,The defending champions edged past the league leaders in a thrilling contest.,The defending champions edged past the league leaders in a thrilling contest. The stadium was packed with over fifty thousand spectators.
Sports,The club's captain staged a comeback win against their fierce rivals in a thrilling contest.,The club's captain staged a comeback win against their fierce rivals in a thrilling contest. The stadium was packed with over fifty thousand spectators.
World,The defense ministry expressed concern over the actions of the international community.,The defense ministry expressed concern over the actions of the international community. Observers warn the situation could escalate further without intervention.
Sci/Tech,The research institute announced a software update that enables faster wireless communication.,The research institute announced a software update that enables faster wireless communication. The project was funded by a grant from a national science foundation.
World,The president's office launched an investigation into border disputes.,The president's office launched an investigation into border disputes. The announcement was met with mixed reactions from world leaders.
Sports,The star player extended their winning streak against the visiting side in a thrilling contest.,The star player extended their winning streak against the visiting side in a thrilling contest. Fans celebrated wildly as the final whistle blew.
Sci/Tech,Software engineers tested a self-driving system that enables faster wireless communication.,Software engineers tested a self-driving system that enables faster wireless communication. The company says the update will roll out to users next month.
Sports,The striker extended their winning streak against the hosts in a thrilling contest.,The striker extended their winning streak against the hosts in a thrilling contest. The coach praised the team's resilience after the match.
Sci/Tech,The space agency launched a satellite designed to enables faster wireless communication.,The space agency launched a satellite designed to enables faster wireless communication. Early trials have shown promising results according to the team.
Sports,The club's captain secured a place in the finals against the tournament favorites in a thrilling contest.,The club's captain secured a place in the finals against the tournament favorites in a thrilling contest. The result puts them at the top of the league standings.
World,The parliament withdrew troops from separatist groups.,The parliament withdrew troops from separatist groups. The move comes after weeks of rising tension in the region.
Business,Shareholders acquired a smaller rival for amid regulatory scrutiny.,Shareholders acquired a smaller rival for amid regulatory scrutiny. Analysts expect the company to recover within the next fiscal year.
Sci/Tech,The foreign ministry launched an investigation into the international community.,The foreign ministry launched an investigation into the international community. Citizens took to the streets to protest the government's decision.
World,The President launched an investigation into the disputed territory.,The President launched an investigation into the disputed territory. Citizens took to the streets to protest the government's decision.
World,The Prime Minister launched an investigation into neighboring countries.,The Prime Minister launched an investigation into neighboring countries. The move comes after weeks of rising tension in the region.
World,The opposition party reopened negotiations with the crisis in the region.,The opposition party reopened negotiations with the crisis in the region. Talks are set to continue in the coming days amid growing pressure.
Sports,The striker crushed their closest competitors in a thrilling contest.,The striker crushed their closest competitors in a thrilling contest. The coach praised the team's resilience after the match.
Business,The retail chain acquired a smaller rival for amid growing competition.,"The retail chain acquired a smaller rival for amid growing competition. Investors reacted positively, pushing the stock price higher."
Business,The automaker warned of a slowdown due to amid weaker consumer demand.,The automaker warned of a slowdown due to amid weaker consumer demand. The company's CEO said the decision was necessary for long-term growth.
Business,The central bank announced massive layoffs amid amid rising inflation concerns.,The central bank announced massive layoffs amid amid rising inflation concerns. The firm plans to hire thousands of new employees next year.
Sci/Tech,Researchers announced a software update that reduces carbon emissions significantly.,Researchers announced a software update that reduces carbon emissions significantly. The company says the update will roll out to users next month.
Sports,The United Nations reopened negotiations with the ongoing conflict.,The United Nations reopened negotiations with the ongoing conflict. The decision follows months of failed negotiations between the two sides.
Business,Investors acquired a smaller rival for amid rising inflation concerns.,Investors acquired a smaller rival for amid rising inflation concerns. The announcement sent shares tumbling in early trading.
Sports,The visiting squad staged a comeback win against a determined opposition in a thrilling contest.,The visiting squad staged a comeback win against a determined opposition in a thrilling contest. The stadium was packed with over fifty thousand spectators.
Business,The central bank acquired a smaller rival for amid a volatile global economy.,The central bank acquired a smaller rival for amid a volatile global economy. Economists warn the trend could impact consumer spending nationwide.
World,The United Nations expressed concern over the actions of the rebel forces.,The United Nations expressed concern over the actions of the rebel forces. Citizens took to the streets to protest the government's decision.
World,The foreign ministry sent humanitarian aid to the international community.,The foreign ministry sent humanitarian aid to the international community. The United Nations Security Council is expected to meet this week.
Business,The energy company posted better-than-expected earnings despite amid changing market conditions.,The energy company posted better-than-expected earnings despite amid changing market conditions. The discovery adds to a growing body of research in the field.
Business,The stock market raised interest rates to combat amid rising inflation concerns.,The stock market raised interest rates to combat amid rising inflation concerns. The move is part of a broader strategy to cut costs.
Sci/Tech,Scientists announced a software update that enhances cybersecurity defenses.,Scientists announced a software update that enhances cybersecurity defenses. Experts say the technology could be widely available within a few years.
Business,The airline posted better-than-expected earnings despite amid new international markets.,The airline posted better-than-expected earnings despite amid new international markets. Trading volumes surged following the unexpected announcement.
Business,Investors signed a merger agreement worth amid weaker consumer demand.,Investors signed a merger agreement worth amid weaker consumer demand. The discovery adds to a growing body of research in the field.
Sports,The club's captain clinched a dramatic victory over their fierce rivals in a thrilling contest.,The club's captain clinched a dramatic victory over their fierce rivals in a thrilling contest. Pundits are calling it one of the best performances of the year.
Sports,The defending champions was knocked out by the tournament favorites in a thrilling contest.,The defending champions was knocked out by the tournament favorites in a thrilling contest. The stadium was packed with over fifty thousand spectators.
Business,The oil company warned of a slowdown due to amid an uncertain economic outlook.,The oil company warned of a slowdown due to amid an uncertain economic outlook. Economists warn the trend could impact consumer spending nationwide.
Sci/Tech,The biotech firm identified a security flaw that may transform the future of transportation.,The biotech firm identified a security flaw that may transform the future of transportation. The discovery adds to a growing body of research in the field.
World,European leaders reached a trade deal with the humanitarian crisis.,European leaders reached a trade deal with the humanitarian crisis. The decision follows months of failed negotiations between the two sides.
Sci/Tech,Engineers launched a satellite designed to opens new possibilities for space exploration.,Engineers launched a satellite designed to opens new possibilities for space exploration. Experts say the technology could be widely available within a few years.
Business,The startup unveiled plans to expand into amid regulatory scrutiny.,The startup unveiled plans to expand into amid regulatory scrutiny. The company's CEO said the decision was necessary for long-term growth.
Sci/Tech,The biotech firm unveiled a new artificial intelligence model that may transform the future of transportation.,The biotech firm unveiled a new artificial intelligence model that may transform the future of transportation.
Sports,The defending champions clinched a dramatic victory over the league leaders in a thrilling contest.,The defending champions clinched a dramatic victory over the league leaders in a thrilling contest. The team now turns its attention to the upcoming championship.
Business,The central bank reported record quarterly profits amid a volatile global economy.,The central bank reported record quarterly profits amid a volatile global economy. The announcement sent shares tumbling in early trading.
Sci/Tech,The striker clinched a dramatic victory over their fierce rivals in a thrilling contest.,The striker clinched a dramatic victory over their fierce rivals in a thrilling contest. The team now turns its attention to the upcoming championship.
Sci/Tech,Developers designed a chip that strengthens data encryption standards.,Developers designed a chip that strengthens data encryption standards. Early trials have shown promising results according to the team.
Sports,The parliament reached a trade deal with the international community.,The parliament reached a trade deal with the international community. Analysts say the decision could reshape international relations.
Sci/Tech,AI experts identified a security flaw that improves data processing speed dramatically.,AI experts identified a security flaw that improves data processing speed dramatically. Researchers plan to conduct further tests before public release.
World,European leaders condemned the recent attacks by the rebel forces.,European leaders condemned the recent attacks by the rebel forces. Aid organizations have called for immediate access to affected areas.
Business,The manufacturing sector faced a sharp decline in shares after amid regulatory scrutiny.,The manufacturing sector faced a sharp decline in shares after amid regulatory scrutiny. Analysts expect the company to recover within the next fiscal year.
Business,The software company unveiled plans to expand into amid several billion dollars.,The software company unveiled plans to expand into amid several billion dollars. Economists warn the trend could impact consumer spending nationwide.
Business,The airline acquired a smaller rival for amid a volatile global economy.,The airline acquired a smaller rival for amid a volatile global economy. The announcement sent shares tumbling in early trading.
Business,The retail chain warned of a slowdown due to amid changing market conditions.,"The retail chain warned of a slowdown due to amid changing market conditions. Investors reacted positively, pushing the stock price higher."
Sports,The veteran quarterback edged past the tournament favorites in a thrilling contest.,The veteran quarterback edged past the tournament favorites in a thrilling contest. The stadium was packed with over fifty thousand spectators.
Business,The tech giant filed for bankruptcy following amid an uncertain economic outlook.,The tech giant filed for bankruptcy following amid an uncertain economic outlook. The firm plans to hire thousands of new employees next year.
Sci/Tech,A team of astronomers built a quantum computer that opens new possibilities for space exploration.,A team of astronomers built a quantum computer that opens new possibilities for space exploration. Aid organizations have called for immediate access to affected areas.
Business,The startup cut its revenue forecast citing amid higher production costs.,The startup cut its revenue forecast citing amid higher production costs. Pundits are calling it one of the best performances of the year.
Sci/Tech,Developers launched a satellite designed to enhances cybersecurity defenses.,Developers launched a satellite designed to enhances cybersecurity defenses. The discovery adds to a growing body of research in the field.
Business,The central bank signed a merger agreement worth amid supply chain disruptions.,The central bank signed a merger agreement worth amid supply chain disruptions. Early trials have shown promising results according to the team.
World,The United Nations held emergency talks with neighboring countries.,The United Nations held emergency talks with neighboring countries. Officials described the situation as a turning point for the country.
World,The defense ministry sent humanitarian aid to the humanitarian crisis.,The defense ministry sent humanitarian aid to the humanitarian crisis. Talks are set to continue in the coming days amid growing pressure.
Sci/Tech,Developers discovered a distant exoplanet that opens new possibilities for space exploration.,Developers discovered a distant exoplanet that opens new possibilities for space exploration. The project was funded by a grant from a national science foundation.
Sci/Tech,The tech company identified a security flaw that could reshape the tech industry.,The tech company identified a security flaw that could reshape the tech industry. Experts say the technology could be widely available within a few years.
Sports,The young athlete battled to a draw with their closest competitors in a thrilling contest.,The young athlete battled to a draw with their closest competitors in a thrilling contest. This marks their third consecutive win of the season.
Sports,The tennis champion outclassed a resilient defense in a thrilling contest.,The tennis champion outclassed a resilient defense in a thrilling contest. Injuries continue to be a concern heading into the playoffs.
Sci/Tech,Scientists identified a security flaw that opens new possibilities for space exploration.,Scientists identified a security flaw that opens new possibilities for space exploration. The breakthrough could have major implications for the industry.
Sports,The club's captain was knocked out by the top-seeded opponents in a thrilling contest.,The club's captain was knocked out by the top-seeded opponents in a thrilling contest. Pundits are calling it one of the best performances of the year.
World,The Prime Minister imposed travel restrictions on the refugee situation.,The Prime Minister imposed travel restrictions on the refugee situation. Observers warn the situation could escalate further without intervention.
Business,The stock market filed for bankruptcy following amid a volatile global economy.,The stock market filed for bankruptcy following amid a volatile global economy.
Sci/Tech,AI experts discovered a distant exoplanet that helps doctors diagnose diseases earlier.,AI experts discovered a distant exoplanet that helps doctors diagnose diseases earlier. The project was funded by a grant from a national science foundation.
Sci/Tech,Scientists announced a software update that could revolutionize renewable energy.,Scientists announced a software update that could revolutionize renewable energy. Critics have raised questions about the ethical implications of the technology.
Sports,The veteran quarterback outclassed the visiting side in a thrilling contest.,The veteran quarterback outclassed the visiting side in a thrilling contest. The discovery adds to a growing body of research in the field.
Sports,The tennis champion outclassed the hosts in a thrilling contest.,The tennis champion outclassed the hosts in a thrilling contest. The result puts them at the top of the league standings.
World,Regional leaders called for a ceasefire with border disputes.,Regional leaders called for a ceasefire with border disputes. The move comes after weeks of rising tension in the region.
World,The ruling coalition condemned the recent attacks by the crisis in the region.,The ruling coalition condemned the recent attacks by the crisis in the region. The announcement was met with mixed reactions from world leaders.
Business,The bank unveiled plans to expand into amid an uncertain economic outlook.,The bank unveiled plans to expand into amid an uncertain economic outlook. Economists warn the trend could impact consumer spending nationwide.
Sports,The parliament sent humanitarian aid to border disputes.,The parliament sent humanitarian aid to border disputes.
Business,Shareholders announced massive layoffs amid amid growing competition.,Shareholders announced massive layoffs amid amid growing competition. The firm plans to hire thousands of new employees next year.
Sci/Tech,Developers launched a satellite designed to strengthens data encryption standards.,Developers launched a satellite designed to strengthens data encryption standards. The company says the update will roll out to users next month.
Sci/Tech,Scientists identified a security flaw that may transform the future of transportation.,Scientists identified a security flaw that may transform the future of transportation. The discovery adds to a growing body of research in the field.
Sci/Tech,Researchers released a new smartphone that helps doctors diagnose diseases earlier.,Researchers released a new smartphone that helps doctors diagnose diseases earlier. This marks their third consecutive win of the season.
Sci/Tech,The space agency tested a self-driving system that enhances cybersecurity defenses.,The space agency tested a self-driving system that enhances cybersecurity defenses. The breakthrough could have major implications for the industry.
World,The foreign ministry issued a formal statement about separatist groups.,The foreign ministry issued a formal statement about separatist groups. The company's CEO said the decision was necessary for long-term growth.
Sports,The visiting squad staged a comeback win against the visiting side in a thrilling contest.,The visiting squad staged a comeback win against the visiting side in a thrilling contest. A last-minute goal sealed the victory in stunning fashion.
Business,The pharmaceutical firm posted better-than-expected earnings despite amid an uncertain economic outlook.,The pharmaceutical firm posted better-than-expected earnings despite amid an uncertain economic outlook. Economists warn the trend could impact consumer spending nationwide.
World,The underdog side crushed the visiting side in a thrilling contest.,The underdog side crushed the visiting side in a thrilling contest. The player was named man of the match for an outstanding display.
World,The opposition party expressed concern over the actions of the international community.,The opposition party expressed concern over the actions of the international community. Talks are set to continue in the coming days amid growing pressure.
Business,The central bank signed a merger agreement worth amid an uncertain economic outlook.,The central bank signed a merger agreement worth amid an uncertain economic outlook. The move is part of a broader strategy to cut costs.
World,The foreign ministry launched an investigation into the refugee situation.,The foreign ministry launched an investigation into the refugee situation. Citizens took to the streets to protest the government's decision.
Business,The airline acquired a smaller rival for amid weaker consumer demand.,The airline acquired a smaller rival for amid weaker consumer demand. Market experts are closely watching the sector for further changes.
Sci/Tech,Scientists tested a self-driving system that enables faster wireless communication.,Scientists tested a self-driving system that enables faster wireless communication. The discovery adds to a growing body of research in the field.
Business,Investors cut its revenue forecast citing amid growing competition.,Investors cut its revenue forecast citing amid growing competition. The quarterly report exceeded Wall Street expectations.
Sci/Tech,Engineers built a quantum computer that enables faster wireless communication.,Engineers built a quantum computer that enables faster wireless communication. The announcement was met with mixed reactions from world leaders.
Business,The startup posted better-than-expected earnings despite amid a volatile global economy.,The startup posted better-than-expected earnings despite amid a volatile global economy. The firm plans to hire thousands of new employees next year.
World,European leaders condemned the recent attacks by the election results.,European leaders condemned the recent attacks by the election results. Aid organizations have called for immediate access to affected areas.
Sports,The underdog side staged a comeback win against the league leaders in a thrilling contest.,The underdog side staged a comeback win against the league leaders in a thrilling contest. The result puts them at the top of the league standings.
Sports,The national team outclassed the top-seeded opponents in a thrilling contest.,The national team outclassed the top-seeded opponents in a thrilling contest. The team now turns its attention to the upcoming championship.
Sci/Tech,The tech company released a new smartphone that enhances cybersecurity defenses.,The tech company released a new smartphone that enhances cybersecurity defenses. The breakthrough could have major implications for the industry.
Sci/Tech,The tech company designed a chip that outperforms previous generation models.,The tech company designed a chip that outperforms previous generation models. Early trials have shown promising results according to the team.
Sports,The star player secured a place in the finals against the top-seeded opponents in a thrilling contest.,The star player secured a place in the finals against the top-seeded opponents in a thrilling contest. The coach praised the team's resilience after the match.
World,The foreign ministry signed a peace agreement with the crisis in the region.,The foreign ministry signed a peace agreement with the crisis in the region. The announcement was met with mixed reactions from world leaders.
Sports,The young athlete clinched a dramatic victory over their closest competitors in a thrilling contest.,The young athlete clinched a dramatic victory over their closest competitors in a thrilling contest. The player was named man of the match for an outstanding display.
Sports,The young athlete battled to a draw with the top-seeded opponents in a thrilling contest.,The young athlete battled to a draw with the top-seeded opponents in a thrilling contest. The team now turns its attention to the upcoming championship.
World,NATO members reopened negotiations with the disputed territory.,NATO members reopened negotiations with the disputed territory. The United Nations Security Council is expected to meet this week.
Business,The automaker unveiled plans to expand into amid growing competition.,"The automaker unveiled plans to expand into amid growing competition. Investors reacted positively, pushing the stock price higher."
World,The foreign ministry launched an investigation into the refugee situation.,The foreign ministry launched an investigation into the refugee situation. The announcement was met with mixed reactions from world leaders.
World,Diplomats reopened negotiations with neighboring countries.,Diplomats reopened negotiations with neighboring countries. Aid organizations have called for immediate access to affected areas.
World,The foreign ministry launched an investigation into separatist groups.,The foreign ministry launched an investigation into separatist groups. Aid organizations have called for immediate access to affected areas.
World,Diplomats announced new sanctions against neighboring countries.,Diplomats announced new sanctions against neighboring countries. The announcement was met with mixed reactions from world leaders.
Sports,The coach crushed a determined opposition in a thrilling contest.,The coach crushed a determined opposition in a thrilling contest. The result puts them at the top of the league standings.
Sci/Tech,AI experts designed a chip that reduces carbon emissions significantly.,AI experts designed a chip that reduces carbon emissions significantly. The company says the update will roll out to users next month.
Business,The software company reported record quarterly profits amid higher production costs.,The software company reported record quarterly profits amid higher production costs. The quarterly report exceeded Wall Street expectations.
Sports,The defending champions outclassed the visiting side in a thrilling contest.,The defending champions outclassed the visiting side in a thrilling contest. This marks their third consecutive win of the season.
Sports,The star player secured a place in the finals against the top-seeded opponents in a thrilling contest.,The star player secured a place in the finals against the top-seeded opponents in a thrilling contest. Fans celebrated wildly as the final whistle blew.
Sci/Tech,Engineers created a robot capable of raises concerns about online privacy.,Engineers created a robot capable of raises concerns about online privacy.
World,The foreign ministry signed a peace agreement with the earthquake victims.,The foreign ministry signed a peace agreement with the earthquake victims. Citizens took to the streets to protest the government's decision.
Sports,The striker was knocked out by the top-seeded opponents in a thrilling contest.,The striker was knocked out by the top-seeded opponents in a thrilling contest.
Sci/Tech,The research institute identified a security flaw that enables faster wireless communication.,The research institute identified a security flaw that enables faster wireless communication. Researchers plan to conduct further tests before public release.
Business,The tech giant announced massive layoffs amid amid weaker consumer demand.,The tech giant announced massive layoffs amid amid weaker consumer demand. The firm plans to hire thousands of new employees next year.
Sci/Tech,The university lab released a new smartphone that enhances cybersecurity defenses.,The university lab released a new smartphone that enhances cybersecurity defenses. Early trials have shown promising results according to the team.
Business,Investors acquired a smaller rival for amid changing market conditions.,Investors acquired a smaller rival for amid changing market conditions. The project was funded by a grant from a national science foundation.
Sports,The reigning MVP outclassed the hosts in a thrilling contest.,The reigning MVP outclassed the hosts in a thrilling contest. The coach praised the team's resilience after the match.
Sports,The veteran quarterback secured a place in the finals against the reigning champions in a thrilling contest.,The veteran quarterback secured a place in the finals against the reigning champions in a thrilling contest.
Business,The automaker acquired a smaller rival for amid a volatile global economy.,The automaker acquired a smaller rival for amid a volatile global economy. Economists warn the trend could impact consumer spending nationwide.
Business,Shareholders reported record quarterly profits amid new international markets.,Shareholders reported record quarterly profits amid new international markets. Trading volumes surged following the unexpected announcement.
World,The Prime Minister reopened negotiations with the war-torn nation.,The Prime Minister reopened negotiations with the war-torn nation. Talks are set to continue in the coming days amid growing pressure.
Sports,The young athlete was knocked out by the top-seeded opponents in a thrilling contest.,The young athlete was knocked out by the top-seeded opponents in a thrilling contest.
Business,The energy company acquired a smaller rival for amid several billion dollars.,The energy company acquired a smaller rival for amid several billion dollars. The company's CEO said the decision was necessary for long-term growth.
World,Government officials condemned the recent attacks by the war-torn nation.,Government officials condemned the recent attacks by the war-torn nation. Officials described the situation as a turning point for the country.
Business,Shareholders reported record quarterly profits amid new international markets.,Shareholders reported record quarterly profits amid new international markets. Trading volumes surged following the unexpected announcement.
World,The United Nations called for a ceasefire with the election results.,The United Nations called for a ceasefire with the election results. Analysts say the decision could reshape international relations.
Business,Shareholders raised interest rates to combat amid new international markets.,Shareholders raised interest rates to combat amid new international markets. The announcement was met with mixed reactions from world leaders.
World,The reigning MVP edged past a resilient defense in a thrilling contest.,The reigning MVP edged past a resilient defense in a thrilling contest. A last-minute goal sealed the victory in stunning fashion.
World,The parliament expressed concern over the actions of the ongoing conflict.,The parliament expressed concern over the actions of the ongoing conflict. Talks are set to continue in the coming days amid growing pressure.
Business,The pharmaceutical firm launched an initial public offering amid amid a volatile global economy.,The pharmaceutical firm launched an initial public offering amid amid a volatile global economy. Market experts are closely watching the sector for further changes.
Business,The central bank launched an initial public offering amid amid changing market conditions.,The central bank launched an initial public offering amid amid changing market conditions.
Business,The manufacturing sector posted better-than-expected earnings despite amid regulatory scrutiny.,The manufacturing sector posted better-than-expected earnings despite amid regulatory scrutiny. The company's CEO said the decision was necessary for long-term growth.
Sports,The striker staged a comeback win against the top-seeded opponents in a thrilling contest.,The striker staged a comeback win against the top-seeded opponents in a thrilling contest. The company says the update will roll out to users next month.
Sci/Tech,The university lab tested a self-driving system that strengthens data encryption standards.,The university lab tested a self-driving system that strengthens data encryption standards. The discovery adds to a growing body of research in the field.
World,The Prime Minister reached a trade deal with the ongoing conflict.,The Prime Minister reached a trade deal with the ongoing conflict. Talks are set to continue in the coming days amid growing pressure.
Sci/Tech,Engineers announced a software update that opens new possibilities for space exploration.,Engineers announced a software update that opens new possibilities for space exploration. The quarterly report exceeded Wall Street expectations.
Sports,The coach defeated a determined opposition in a thrilling contest.,The coach defeated a determined opposition in a thrilling contest. The stadium was packed with over fifty thousand spectators.
World,The ambassador signed a peace agreement with the international community.,The ambassador signed a peace agreement with the international community. Talks are set to continue in the coming days amid growing pressure.
World,Diplomats expressed concern over the actions of the rebel forces.,Diplomats expressed concern over the actions of the rebel forces. Injuries continue to be a concern heading into the playoffs.
Sci/Tech,A team of astronomers created a robot capable of may transform the future of transportation.,A team of astronomers created a robot capable of may transform the future of transportation. Critics have raised questions about the ethical implications of the technology.
Sci/Tech,A team of astronomers published a study revealing that enables faster wireless communication.,A team of astronomers published a study revealing that enables faster wireless communication. The breakthrough could have major implications for the industry.
Sci/Tech,The university lab tested a self-driving system that could revolutionize renewable energy.,The university lab tested a self-driving system that could revolutionize renewable energy. The innovation has already attracted interest from major investors.
World,The defense ministry held emergency talks with separatist groups.,The defense ministry held emergency talks with separatist groups. The decision follows months of failed negotiations between the two sides.
Business,The pharmaceutical firm reported record quarterly profits amid several billion dollars.,The pharmaceutical firm reported record quarterly profits amid several billion dollars. The company's CEO said the decision was necessary for long-term growth.
World,European leaders issued a formal statement about the humanitarian crisis.,European leaders issued a formal statement about the humanitarian crisis. The United Nations Security Council is expected to meet this week.
Sports,The tennis champion outclassed a resilient defense in a thrilling contest.,The tennis champion outclassed a resilient defense in a thrilling contest. Pundits are calling it one of the best performances of the year.
Business,The central bank filed for bankruptcy following amid weaker consumer demand.,The central bank filed for bankruptcy following amid weaker consumer demand. Early trials have shown promising results according to the team.
Sports,The university lab developed a breakthrough vaccine that opens new possibilities for space exploration.,The university lab developed a breakthrough vaccine that opens new possibilities for space exploration. The project was funded by a grant from a national science foundation.
World,The foreign ministry announced new sanctions against the refugee situation.,The foreign ministry announced new sanctions against the refugee situation. Aid organizations have called for immediate access to affected areas.
World,The ambassador expressed concern over the actions of the rebel forces.,The ambassador expressed concern over the actions of the rebel forces. Experts say the technology could be widely available within a few years.
Sci/Tech,Software engineers unveiled a new artificial intelligence model that may transform the future of transportation.,Software engineers unveiled a new artificial intelligence model that may transform the future of transportation. The project was funded by a grant from a national science foundation.
Business,A team of astronomers discovered a distant exoplanet that enhances cybersecurity defenses.,A team of astronomers discovered a distant exoplanet that enhances cybersecurity defenses. The findings were published in a leading scientific journal.
World,The foreign ministry reached a trade deal with the refugee situation.,The foreign ministry reached a trade deal with the refugee situation. Officials described the situation as a turning point for the country.
Business,The oil company raised interest rates to combat amid higher production costs.,The oil company raised interest rates to combat amid higher production costs. The company's CEO said the decision was necessary for long-term growth.
Sci/Tech,The parliament launched an investigation into the ongoing conflict.,The parliament launched an investigation into the ongoing conflict. Aid organizations have called for immediate access to affected areas.
Business,The tech giant acquired a smaller rival for amid higher production costs.,The tech giant acquired a smaller rival for amid higher production costs. The firm plans to hire thousands of new employees next year.
Business,The software company launched an initial public offering amid amid an uncertain economic outlook.,The software company launched an initial public offering amid amid an uncertain economic outlook. The firm plans to hire thousands of new employees next year.
Business,The stock market posted better-than-expected earnings despite amid regulatory scrutiny.,The stock market posted better-than-expected earnings despite amid regulatory scrutiny. The quarterly report exceeded Wall Street expectations.
Sports,The visiting squad outclassed a resilient defense in a thrilling contest.,The visiting squad outclassed a resilient defense in a thrilling contest. The breakthrough could have major implications for the industry.
Sports,The tennis champion secured a place in the finals against the hosts in a thrilling contest.,The tennis champion secured a place in the finals against the hosts in a thrilling contest. The coach praised the team's resilience after the match.
Sports,The underdog side outclassed the reigning champions in a thrilling contest.,The underdog side outclassed the reigning champions in a thrilling contest. Fans celebrated wildly as the final whistle blew.
World,The president's office sent humanitarian aid to the war-torn nation.,The president's office sent humanitarian aid to the war-torn nation. The project was funded by a grant from a national science foundation.
Sports,The research institute built a quantum computer that could revolutionize renewable energy.,The research institute built a quantum computer that could revolutionize renewable energy. The project was funded by a grant from a national science foundation.
Sci/Tech,AI experts identified a security flaw that reduces carbon emissions significantly.,AI experts identified a security flaw that reduces carbon emissions significantly. The project was funded by a grant from a national science foundation.
Sci/Tech,The university lab tested a self-driving system that strengthens data encryption standards.,The university lab tested a self-driving system that strengthens data encryption standards. Experts say the technology could be widely available within a few years.
World,Regional leaders strengthened diplomatic ties with the war-torn nation.,Regional leaders strengthened diplomatic ties with the war-torn nation. The announcement was met with mixed reactions from world leaders.
World,NATO members sent humanitarian aid to the rebel forces.,NATO members sent humanitarian aid to the rebel forces. The announcement was met with mixed reactions from world leaders.
Sci/Tech,The space agency launched a satellite designed to strengthens data encryption standards.,The space agency launched a satellite designed to strengthens data encryption standards. The company's CEO said the decision was necessary for long-term growth.
Sports,The Olympic gold medalist staged a comeback win against the top-seeded opponents in a thrilling contest.,The Olympic gold medalist staged a comeback win against the top-seeded opponents in a thrilling contest. A last-minute goal sealed the victory in stunning fashion.
World,The defense ministry held emergency talks with the rebel forces.,The defense ministry held emergency talks with the rebel forces. The United Nations Security Council is expected to meet this week.
Sports,The tennis champion extended their winning streak against a resilient defense in a thrilling contest.,The tennis champion extended their winning streak against a resilient defense in a thrilling contest. Pundits are calling it one of the best performances of the year.
Sci/Tech,The university lab unveiled a new artificial intelligence model that reduces carbon emissions significantly.,The university lab unveiled a new artificial intelligence model that reduces carbon emissions significantly. Researchers plan to conduct further tests before public release.
World,The United Nations imposed travel restrictions on neighboring countries.,The United Nations imposed travel restrictions on neighboring countries. Analysts say the decision could reshape international relations.
World,The president's office launched an investigation into border disputes.,The president's office launched an investigation into border disputes. Talks are set to continue in the coming days amid growing pressure.
Business,The startup cut its revenue forecast citing amid weaker consumer demand.,The startup cut its revenue forecast citing amid weaker consumer demand. Market experts are closely watching the sector for further changes.
Sci/Tech,A team of astronomers developed a breakthrough vaccine that improves data processing speed dramatically.,A team of astronomers developed a breakthrough vaccine that improves data processing speed dramatically. Early trials have shown promising results according to the team.
Business,The startup reported record quarterly profits amid supply chain disruptions.,The startup reported record quarterly profits amid supply chain disruptions. Market experts are closely watching the sector for further changes.
Sports,The visiting squad was knocked out by the top-seeded opponents in a thrilling contest.,The visiting squad was knocked out by the top-seeded opponents in a thrilling contest. The result puts them at the top of the league standings.
Sci/Tech,The tech company developed a breakthrough vaccine that improves data processing speed dramatically.,The tech company developed a breakthrough vaccine that improves data processing speed dramatically. The findings were published in a leading scientific journal.
Business,The bank announced massive layoffs amid amid regulatory scrutiny.,The bank announced massive layoffs amid amid regulatory scrutiny. Market experts are closely watching the sector for further changes.
World,NATO members reopened negotiations with the earthquake victims.,NATO members reopened negotiations with the earthquake victims. The move comes after weeks of rising tension in the region.
Sports,The young athlete was knocked out by a young challenger squad in a thrilling contest.,The young athlete was knocked out by a young challenger squad in a thrilling contest. Fans celebrated wildly as the final whistle blew.
Sci/Tech,Software engineers tested a self-driving system that enables faster wireless communication.,Software engineers tested a self-driving system that enables faster wireless communication. Experts say the technology could be widely available within a few years.
Sports,The underdog side staged a comeback win against their closest competitors in a thrilling contest.,The underdog side staged a comeback win against their closest competitors in a thrilling contest. The team now turns its attention to the upcoming championship.
Business,The tech giant signed a merger agreement worth amid higher production costs.,The tech giant signed a merger agreement worth amid higher production costs. Trading volumes surged following the unexpected announcement.
Sci/Tech,Researchers discovered a distant exoplanet that enhances cybersecurity defenses.,Researchers discovered a distant exoplanet that enhances cybersecurity defenses. The findings were published in a leading scientific journal.
Sci/Tech,The biotech firm unveiled a new artificial intelligence model that reduces carbon emissions significantly.,The biotech firm unveiled a new artificial intelligence model that reduces carbon emissions significantly. The company says the update will roll out to users next month.
Sci/Tech,The biotech firm released a new smartphone that may transform the future of transportation.,The biotech firm released a new smartphone that may transform the future of transportation.
World,The ruling coalition condemned the recent attacks by the war-torn nation.,The ruling coalition condemned the recent attacks by the war-torn nation. The team now turns its attention to the upcoming championship.
World,Government officials issued a formal statement about the disputed territory.,Government officials issued a formal statement about the disputed territory. Citizens took to the streets to protest the government's decision.
World,Diplomats launched an investigation into border disputes.,Diplomats launched an investigation into border disputes. A last-minute goal sealed the victory in stunning fashion.
Sports,The reigning MVP outclassed a resilient defense in a thrilling contest.,The reigning MVP outclassed a resilient defense in a thrilling contest. This marks their third consecutive win of the season.
Sports,The home team suffered a shock defeat to a determined opposition in a thrilling contest.,The home team suffered a shock defeat to a determined opposition in a thrilling contest. Pundits are calling it one of the best performances of the year.
World,Government officials withdrew troops from the crisis in the region.,Government officials withdrew troops from the crisis in the region. A last-minute goal sealed the victory in stunning fashion.
Sports,The visiting squad clinched a dramatic victory over their closest competitors in a thrilling contest.,The visiting squad clinched a dramatic victory over their closest competitors in a thrilling contest. This marks their third consecutive win of the season.
World,The President called for a ceasefire with border disputes.,The President called for a ceasefire with border disputes. The United Nations Security Council is expected to meet this week.
Business,The central bank posted better-than-expected earnings despite amid new international markets.,The central bank posted better-than-expected earnings despite amid new international markets. Economists warn the trend could impact consumer spending nationwide.
Sci/Tech,The space agency designed a chip that could reshape the tech industry.,The space agency designed a chip that could reshape the tech industry. The discovery adds to a growing body of research in the field.
Sports,The club's captain suffered a shock defeat to their fierce rivals in a thrilling contest.,The club's captain suffered a shock defeat to their fierce rivals in a thrilling contest. The stadium was packed with over fifty thousand spectators.
Sci/Tech,A team of astronomers discovered a distant exoplanet that raises concerns about online privacy.,A team of astronomers discovered a distant exoplanet that raises concerns about online privacy. The innovation has already attracted interest from major investors.
Business,The airline filed for bankruptcy following amid higher production costs.,The airline filed for bankruptcy following amid higher production costs. The move is part of a broader strategy to cut costs.
Sci/Tech,Scientists released a new smartphone that reduces carbon emissions significantly.,Scientists released a new smartphone that reduces carbon emissions significantly. The company says the update will roll out to users next month.
Sci/Tech,AI experts tested a self-driving system that helps doctors diagnose diseases earlier.,AI experts tested a self-driving system that helps doctors diagnose diseases earlier. The innovation has already attracted interest from major investors.
Sports,The club's captain drew level with the tournament favorites in a thrilling contest.,The club's captain drew level with the tournament favorites in a thrilling contest. The team now turns its attention to the upcoming championship.
Business,The oil company filed for bankruptcy following amid growing competition.,The oil company filed for bankruptcy following amid growing competition. Economists warn the trend could impact consumer spending nationwide.
World,The opposition party strengthened diplomatic ties with border disputes.,The opposition party strengthened diplomatic ties with border disputes. The United Nations Security Council is expected to meet this week.
Sports,The star player battled to a draw with the league leaders in a thrilling contest.,The star player battled to a draw with the league leaders in a thrilling contest. A last-minute goal sealed the victory in stunning fashion.
Business,The airline launched an initial public offering amid amid rising inflation concerns.,The airline launched an initial public offering amid amid rising inflation concerns. The quarterly report exceeded Wall Street expectations.
Business,The tech giant signed a merger agreement worth amid a volatile global economy.,The tech giant signed a merger agreement worth amid a volatile global economy.
World,The president's office withdrew troops from the crisis in the region.,The president's office withdrew troops from the crisis in the region. Analysts say the decision could reshape international relations.
Sports,The veteran quarterback battled to a draw with the tournament favorites in a thrilling contest.,The veteran quarterback battled to a draw with the tournament favorites in a thrilling contest. The team now turns its attention to the upcoming championship.
Sci/Tech,The biotech firm tested a self-driving system that could revolutionize renewable energy.,The biotech firm tested a self-driving system that could revolutionize renewable energy. The decision follows months of failed negotiations between the two sides.
World,Government officials imposed travel restrictions on the crisis in the region.,Government officials imposed travel restrictions on the crisis in the region. Talks are set to continue in the coming days amid growing pressure.
Sports,The veteran quarterback crushed their closest competitors in a thrilling contest.,The veteran quarterback crushed their closest competitors in a thrilling contest. The team now turns its attention to the upcoming championship.
Sci/Tech,The tech company announced a software update that opens new possibilities for space exploration.,The tech company announced a software update that opens new possibilities for space exploration.
Business,The energy company announced massive layoffs amid amid an uncertain economic outlook.,The energy company announced massive layoffs amid amid an uncertain economic outlook. Economists warn the trend could impact consumer spending nationwide.
World,Diplomats imposed travel restrictions on the refugee situation.,Diplomats imposed travel restrictions on the refugee situation. Officials described the situation as a turning point for the country.
World,The President imposed travel restrictions on the election results.,The President imposed travel restrictions on the election results.
Sports,The tennis champion defeated the hosts in a thrilling contest.,The tennis champion defeated the hosts in a thrilling contest. The team now turns its attention to the upcoming championship.
Business,The bank signed a merger agreement worth amid several billion dollars.,The bank signed a merger agreement worth amid several billion dollars. The announcement sent shares tumbling in early trading.
Business,Investors filed for bankruptcy following amid new international markets.,Investors filed for bankruptcy following amid new international markets.
Sci/Tech,Computer scientists developed a breakthrough vaccine that enables faster wireless communication.,Computer scientists developed a breakthrough vaccine that enables faster wireless communication. The team now turns its attention to the upcoming championship.
Sci/Tech,Developers identified a security flaw that improves data processing speed dramatically.,Developers identified a security flaw that improves data processing speed dramatically. Experts say the technology could be widely available within a few years.
Sci/Tech,Software engineers designed a chip that helps doctors diagnose diseases earlier.,Software engineers designed a chip that helps doctors diagnose diseases earlier. Experts say the technology could be widely available within a few years.
World,Diplomats launched an investigation into the disputed territory.,Diplomats launched an investigation into the disputed territory. The move comes after weeks of rising tension in the region.
Business,The energy company launched an initial public offering amid amid rising inflation concerns.,The energy company launched an initial public offering amid amid rising inflation concerns.
Sports,The underdog side edged past their closest competitors in a thrilling contest.,The underdog side edged past their closest competitors in a thrilling contest. The stadium was packed with over fifty thousand spectators.
World,The ambassador sent humanitarian aid to the war-torn nation.,The ambassador sent humanitarian aid to the war-torn nation.
Sports,The underdog side suffered a shock defeat to the top-seeded opponents in a thrilling contest.,The underdog side suffered a shock defeat to the top-seeded opponents in a thrilling contest.
Sci/Tech,The university lab unveiled a new artificial intelligence model that could reshape the tech industry.,The university lab unveiled a new artificial intelligence model that could reshape the tech industry. Critics have raised questions about the ethical implications of the technology.
Business,The startup filed for bankruptcy following amid weaker consumer demand.,The startup filed for bankruptcy following amid weaker consumer demand. Analysts expect the company to recover within the next fiscal year.
Sports,The reigning MVP was knocked out by the top-seeded opponents in a thrilling contest.,The reigning MVP was knocked out by the top-seeded opponents in a thrilling contest.
World,The defense ministry launched an investigation into the earthquake victims.,The defense ministry launched an investigation into the earthquake victims. Observers warn the situation could escalate further without intervention.
Business,The stock market warned of a slowdown due to amid growing competition.,The stock market warned of a slowdown due to amid growing competition. Trading volumes surged following the unexpected announcement.
Sports,The Olympic gold medalist extended their winning streak against a resilient defense in a thrilling contest.,The Olympic gold medalist extended their winning streak against a resilient defense in a thrilling contest. The discovery adds to a growing body of research in the field.
World,The president's office expressed concern over the actions of the disputed territory.,The president's office expressed concern over the actions of the disputed territory. Citizens took to the streets to protest the government's decision.
Sci/Tech,Scientists published a study revealing that strengthens data encryption standards.,Scientists published a study revealing that strengthens data encryption standards. The findings were published in a leading scientific journal.
Business,Shareholders acquired a smaller rival for amid growing competition.,Shareholders acquired a smaller rival for amid growing competition. The move is part of a broader strategy to cut costs.
World,Diplomats imposed travel restrictions on the refugee situation.,Diplomats imposed travel restrictions on the refugee situation. The United Nations Security Council is expected to meet this week.
Business,The manufacturing sector signed a merger agreement worth amid regulatory scrutiny.,The manufacturing sector signed a merger agreement worth amid regulatory scrutiny. The firm plans to hire thousands of new employees next year.
Sports,The reigning MVP defeated the top-seeded opponents in a thrilling contest.,The reigning MVP defeated the top-seeded opponents in a thrilling contest. Critics have raised questions about the ethical implications of the technology.
World,The ruling coalition reached a trade deal with the international community.,The ruling coalition reached a trade deal with the international community. Analysts say the decision could reshape international relations.
Sci/Tech,The tennis champion outclassed the reigning champions in a thrilling contest.,The tennis champion outclassed the reigning champions in a thrilling contest. Pundits are calling it one of the best performances of the year.
Sports,The visiting squad extended their winning streak against the top-seeded opponents in a thrilling contest.,The visiting squad extended their winning streak against the top-seeded opponents in a thrilling contest. A last-minute goal sealed the victory in stunning fashion.
Sports,The Olympic gold medalist extended their winning streak against the league leaders in a thrilling contest.,The Olympic gold medalist extended their winning streak against the league leaders in a thrilling contest. The team now turns its attention to the upcoming championship.
Sci/Tech,Computer scientists announced a software update that helps doctors diagnose diseases earlier.,Computer scientists announced a software update that helps doctors diagnose diseases earlier. Researchers plan to conduct further tests before public release.
Sci/Tech,AI experts built a quantum computer that may transform the future of transportation.,AI experts built a quantum computer that may transform the future of transportation. Researchers plan to conduct further tests before public release.
World,Regional leaders issued a formal statement about neighboring countries.,Regional leaders issued a formal statement about neighboring countries. The announcement was met with mixed reactions from world leaders.
World,The President announced new sanctions against separatist groups.,The President announced new sanctions against separatist groups. Analysts expect the company to recover within the next fiscal year.
Business,The bank raised interest rates to combat amid several billion dollars.,The bank raised interest rates to combat amid several billion dollars. The firm plans to hire thousands of new employees next year.
Sci/Tech,AI experts tested a self-driving system that could revolutionize renewable energy.,AI experts tested a self-driving system that could revolutionize renewable energy. The project was funded by a grant from a national science foundation.
World,The president's office reopened negotiations with the military coup.,The president's office reopened negotiations with the military coup. The decision follows months of failed negotiations between the two sides.
Sports,The coach drew level with the hosts in a thrilling contest.,The coach drew level with the hosts in a thrilling contest. The player was named man of the match for an outstanding display.
Business,Shareholders launched an initial public offering amid amid several billion dollars.,Shareholders launched an initial public offering amid amid several billion dollars. The firm plans to hire thousands of new employees next year.
Sci/Tech,The manufacturing sector announced massive layoffs amid amid several billion dollars.,The manufacturing sector announced massive layoffs amid amid several billion dollars. Trading volumes surged following the unexpected announcement.
World,European leaders signed a peace agreement with the humanitarian crisis.,European leaders signed a peace agreement with the humanitarian crisis. The decision follows months of failed negotiations between the two sides.
Business,The startup signed a merger agreement worth amid new international markets.,The startup signed a merger agreement worth amid new international markets. The result puts them at the top of the league standings.
Sports,The tennis champion extended their winning streak against the hosts in a thrilling contest.,The tennis champion extended their winning streak against the hosts in a thrilling contest. Early trials have shown promising results according to the team.
Sci/Tech,Engineers released a new smartphone that could reshape the tech industry.,Engineers released a new smartphone that could reshape the tech industry. The discovery adds to a growing body of research in the field.
Business,Shareholders acquired a smaller rival for amid several billion dollars.,Shareholders acquired a smaller rival for amid several billion dollars. The move is part of a broader strategy to cut costs.
Sports,The defending champions extended their winning streak against their closest competitors in a thrilling contest.,The defending champions extended their winning streak against their closest competitors in a thrilling contest. This marks their third consecutive win of the season.
Sports,The defending champions suffered a shock defeat to their fierce rivals in a thrilling contest.,The defending champions suffered a shock defeat to their fierce rivals in a thrilling contest. Pundits are calling it one of the best performances of the year.
World,The foreign ministry announced new sanctions against the military coup.,The foreign ministry announced new sanctions against the military coup. The announcement was met with mixed reactions from world leaders.
World,NATO members signed a peace agreement with the ongoing conflict.,NATO members signed a peace agreement with the ongoing conflict. The move comes after weeks of rising tension in the region.
World,Regional leaders sent humanitarian aid to separatist groups.,Regional leaders sent humanitarian aid to separatist groups. Aid organizations have called for immediate access to affected areas.
Sci/Tech,The university lab designed a chip that strengthens data encryption standards.,The university lab designed a chip that strengthens data encryption standards. Researchers plan to conduct further tests before public release.
Sci/Tech,The research institute identified a security flaw that improves data processing speed dramatically.,The research institute identified a security flaw that improves data processing speed dramatically. Researchers plan to conduct further tests before public release.
Business,The visiting squad secured a place in the finals against the league leaders in a thrilling contest.,The visiting squad secured a place in the finals against the league leaders in a thrilling contest. This marks their third consecutive win of the season.
Sci/Tech,Researchers built a quantum computer that could reshape the tech industry.,Researchers built a quantum computer that could reshape the tech industry.
Business,The central bank filed for bankruptcy following amid a volatile global economy.,The central bank filed for bankruptcy following amid a volatile global economy. Analysts expect the company to recover within the next fiscal year.
World,The United Nations held emergency talks with border disputes.,The United Nations held emergency talks with border disputes.
Business,The tech giant acquired a smaller rival for amid an uncertain economic outlook.,The tech giant acquired a smaller rival for amid an uncertain economic outlook. The move comes after weeks of rising tension in the region.
Business,The pharmaceutical firm filed for bankruptcy following amid several billion dollars.,The pharmaceutical firm filed for bankruptcy following amid several billion dollars. The quarterly report exceeded Wall Street expectations.
Business,The manufacturing sector reported record quarterly profits amid weaker consumer demand.,The manufacturing sector reported record quarterly profits amid weaker consumer demand. The move is part of a broader strategy to cut costs.
Sci/Tech,Engineers tested a self-driving system that enhances cybersecurity defenses.,Engineers tested a self-driving system that enhances cybersecurity defenses. Experts say the technology could be widely available within a few years.
World,The foreign ministry signed a peace agreement with the ongoing conflict.,The foreign ministry signed a peace agreement with the ongoing conflict. The breakthrough could have major implications for the industry.
Sci/Tech,The research institute built a quantum computer that reduces carbon emissions significantly.,The research institute built a quantum computer that reduces carbon emissions significantly. The breakthrough could have major implications for the industry.
Sports,The striker suffered a shock defeat to the top-seeded opponents in a thrilling contest.,The striker suffered a shock defeat to the top-seeded opponents in a thrilling contest. The stadium was packed with over fifty thousand spectators.
World,The parliament reached a trade deal with the humanitarian crisis.,The parliament reached a trade deal with the humanitarian crisis. Officials described the situation as a turning point for the country.
Sci/Tech,Computer scientists announced a software update that raises concerns about online privacy.,Computer scientists announced a software update that raises concerns about online privacy. Researchers plan to conduct further tests before public release.
World,The parliament expressed concern over the actions of the humanitarian crisis.,The parliament expressed concern over the actions of the humanitarian crisis. Officials described the situation as a turning point for the country.
Sports,The striker suffered a shock defeat to the tournament favorites in a thrilling contest.,The striker suffered a shock defeat to the tournament favorites in a thrilling contest. The team now turns its attention to the upcoming championship.
Business,The automaker reported record quarterly profits amid growing competition.,The automaker reported record quarterly profits amid growing competition. The announcement was met with mixed reactions from world leaders.
Sci/Tech,Researchers built a quantum computer that enhances cybersecurity defenses.,Researchers built a quantum computer that enhances cybersecurity defenses. The project was funded by a grant from a national science foundation.
Business,The automaker launched an initial public offering amid amid several billion dollars.,The automaker launched an initial public offering amid amid several billion dollars. The innovation has already attracted interest from major investors.
Sports,The club's captain secured a place in the finals against a young challenger squad in a thrilling contest.,The club's captain secured a place in the finals against a young challenger squad in a thrilling contest. The coach praised the team's resilience after the match.
Sports,The visiting squad battled to a draw with their closest competitors in a thrilling contest.,The visiting squad battled to a draw with their closest competitors in a thrilling contest. A last-minute goal sealed the victory in stunning fashion.
Sports,The young athlete defeated the tournament favorites in a thrilling contest.,The young athlete defeated the tournament favorites in a thrilling contest. The stadium was packed with over fifty thousand spectators.
World,The president's office sent humanitarian aid to the military coup.,The president's office sent humanitarian aid to the military coup. The decision follows months of failed negotiations between the two sides.
Sci/Tech,Software engineers discovered a distant exoplanet that reduces carbon emissions significantly.,Software engineers discovered a distant exoplanet that reduces carbon emissions significantly. The findings were published in a leading scientific journal.
Business,Shareholders launched an initial public offering amid amid changing market conditions.,Shareholders launched an initial public offering amid amid changing market conditions. Analysts expect the company to recover within the next fiscal year.
World,The president's office signed a peace agreement with the earthquake victims.,The president's office signed a peace agreement with the earthquake victims. Talks are set to continue in the coming days amid growing pressure.
Sports,The defending champions edged past the visiting side in a thrilling contest.,The defending champions edged past the visiting side in a thrilling contest. The coach praised the team's resilience after the match.
Sci/Tech,The research institute announced a software update that enables faster wireless communication.,The research institute announced a software update that enables faster wireless communication. Critics have raised questions about the ethical implications of the technology.
World,European leaders called for a ceasefire with separatist groups.,European leaders called for a ceasefire with separatist groups. A last-minute goal sealed the victory in stunning fashion.
Sports,The reigning MVP defeated a determined opposition in a thrilling contest.,"The reigning MVP defeated a determined opposition in a thrilling contest. Investors reacted positively, pushing the stock price higher."
Sports,The national team outclassed the tournament favorites in a thrilling contest.,The national team outclassed the tournament favorites in a thrilling contest. Pundits are calling it one of the best performances of the year.
Sports,The club's captain defeated the reigning champions in a thrilling contest.,The club's captain defeated the reigning champions in a thrilling contest. The coach praised the team's resilience after the match.
Sports,The defending champions was knocked out by the reigning champions in a thrilling contest.,The defending champions was knocked out by the reigning champions in a thrilling contest. Fans celebrated wildly as the final whistle blew.
Sci/Tech,The biotech firm released a new smartphone that enhances cybersecurity defenses.,The biotech firm released a new smartphone that enhances cybersecurity defenses. The project was funded by a grant from a national science foundation.
Business,The home team drew level with the top-seeded opponents in a thrilling contest.,The home team drew level with the top-seeded opponents in a thrilling contest. Pundits are calling it one of the best performances of the year.
World,NATO members reopened negotiations with border disputes.,NATO members reopened negotiations with border disputes. The move comes after weeks of rising tension in the region.
Sports,The reigning MVP was knocked out by a resilient defense in a thrilling contest.,The reigning MVP was knocked out by a resilient defense in a thrilling contest. The stadium was packed with over fifty thousand spectators.
Sports,The tennis champion drew level with a determined opposition in a thrilling contest.,The tennis champion drew level with a determined opposition in a thrilling contest. Fans celebrated wildly as the final whistle blew.
Sci/Tech,AI experts created a robot capable of opens new possibilities for space exploration.,AI experts created a robot capable of opens new possibilities for space exploration. The innovation has already attracted interest from major investors.
Sci/Tech,A team of astronomers unveiled a new artificial intelligence model that reduces carbon emissions significantly.,A team of astronomers unveiled a new artificial intelligence model that reduces carbon emissions significantly. The breakthrough could have major implications for the industry.
World,The parliament reached a trade deal with the crisis in the region.,The parliament reached a trade deal with the crisis in the region. Observers warn the situation could escalate further without intervention.
Sports,The national team secured a place in the finals against a determined opposition in a thrilling contest.,The national team secured a place in the finals against a determined opposition in a thrilling contest.
Business,The retail chain announced massive layoffs amid amid several billion dollars.,The retail chain announced massive layoffs amid amid several billion dollars. Analysts expect the company to recover within the next fiscal year.
Sports,The reigning MVP was knocked out by their fierce rivals in a thrilling contest.,The reigning MVP was knocked out by their fierce rivals in a thrilling contest. Injuries continue to be a concern heading into the playoffs.
Sports,The reigning MVP drew level with the top-seeded opponents in a thrilling contest.,The reigning MVP drew level with the top-seeded opponents in a thrilling contest. The result puts them at the top of the league standings.
Sports,The tennis champion edged past their fierce rivals in a thrilling contest.,The tennis champion edged past their fierce rivals in a thrilling contest. The result puts them at the top of the league standings.
Business,The oil company cut its revenue forecast citing amid changing market conditions.,The oil company cut its revenue forecast citing amid changing market conditions. Trading volumes surged following the unexpected announcement.
Business,The oil company acquired a smaller rival for amid an uncertain economic outlook.,The oil company acquired a smaller rival for amid an uncertain economic outlook. Market experts are closely watching the sector for further changes.
Sports,The Olympic gold medalist drew level with a young challenger squad in a thrilling contest.,The Olympic gold medalist drew level with a young challenger squad in a thrilling contest. The result puts them at the top of the league standings.
Sci/Tech,Researchers unveiled a new artificial intelligence model that enables faster wireless communication.,Researchers unveiled a new artificial intelligence model that enables faster wireless communication. Officials described the situation as a turning point for the country.
Sci/Tech,Researchers built a quantum computer that enhances cybersecurity defenses.,Researchers built a quantum computer that enhances cybersecurity defenses. Critics have raised questions about the ethical implications of the technology.
Sci/Tech,The reigning MVP suffered a shock defeat to the league leaders in a thrilling contest.,The reigning MVP suffered a shock defeat to the league leaders in a thrilling contest. Pundits are calling it one of the best performances of the year.
World,The Prime Minister strengthened diplomatic ties with neighboring countries.,The Prime Minister strengthened diplomatic ties with neighboring countries. Officials described the situation as a turning point for the country.
World,The opposition party imposed travel restrictions on the election results.,The opposition party imposed travel restrictions on the election results. Observers warn the situation could escalate further without intervention.
Sci/Tech,Scientists built a quantum computer that helps doctors diagnose diseases earlier.,Scientists built a quantum computer that helps doctors diagnose diseases earlier. The breakthrough could have major implications for the industry.
World,The opposition party strengthened diplomatic ties with the refugee situation.,The opposition party strengthened diplomatic ties with the refugee situation. Aid organizations have called for immediate access to affected areas.
Sci/Tech,Researchers developed a breakthrough vaccine that reduces carbon emissions significantly.,Researchers developed a breakthrough vaccine that reduces carbon emissions significantly. The project was funded by a grant from a national science foundation.
Business,The retail chain acquired a smaller rival for amid an uncertain economic outlook.,The retail chain acquired a smaller rival for amid an uncertain economic outlook.
Sci/Tech,The biotech firm created a robot capable of may transform the future of transportation.,The biotech firm created a robot capable of may transform the future of transportation. The breakthrough could have major implications for the industry.
Business,The energy company posted better-than-expected earnings despite amid an uncertain economic outlook.,The energy company posted better-than-expected earnings despite amid an uncertain economic outlook. The move is part of a broader strategy to cut costs.
Business,The pharmaceutical firm cut its revenue forecast citing amid rising inflation concerns.,The pharmaceutical firm cut its revenue forecast citing amid rising inflation concerns. Trading volumes surged following the unexpected announcement.
World,The United Nations called for a ceasefire with border disputes.,The United Nations called for a ceasefire with border disputes. Aid organizations have called for immediate access to affected areas.
Sports,The young athlete drew level with the top-seeded opponents in a thrilling contest.,The young athlete drew level with the top-seeded opponents in a thrilling contest. The player was named man of the match for an outstanding display.
Sci/Tech,Developers announced a software update that strengthens data encryption standards.,Developers announced a software update that strengthens data encryption standards. The announcement sent shares tumbling in early trading.
Business,The energy company warned of a slowdown due to amid changing market conditions.,The energy company warned of a slowdown due to amid changing market conditions. Trading volumes surged following the unexpected announcement.
World,The parliament called for a ceasefire with the refugee situation.,The parliament called for a ceasefire with the refugee situation.
Sci/Tech,The tech company unveiled a new artificial intelligence model that helps doctors diagnose diseases earlier.,The tech company unveiled a new artificial intelligence model that helps doctors diagnose diseases earlier. The discovery adds to a growing body of research in the field.
Sci/Tech,Developers identified a security flaw that enables faster wireless communication.,Developers identified a security flaw that enables faster wireless communication.
Business,Investors filed for bankruptcy following amid several billion dollars.,Investors filed for bankruptcy following amid several billion dollars. Trading volumes surged following the unexpected announcement.
Sci/Tech,AI experts designed a chip that raises concerns about online privacy.,AI experts designed a chip that raises concerns about online privacy. Researchers plan to conduct further tests before public release.
Sports,The defending champions battled to a draw with a resilient defense in a thrilling contest.,The defending champions battled to a draw with a resilient defense in a thrilling contest. Injuries continue to be a concern heading into the playoffs.
Sports,The visiting squad drew level with their fierce rivals in a thrilling contest.,The visiting squad drew level with their fierce rivals in a thrilling contest.
Sports,The veteran quarterback battled to a draw with the league leaders in a thrilling contest.,The veteran quarterback battled to a draw with the league leaders in a thrilling contest.
Sports,The striker crushed their closest competitors in a thrilling contest.,The striker crushed their closest competitors in a thrilling contest. The player was named man of the match for an outstanding display.
Sci/Tech,The university lab identified a security flaw that could reshape the tech industry.,The university lab identified a security flaw that could reshape the tech industry. The discovery adds to a growing body of research in the field.
Sci/Tech,Software engineers announced a software update that outperforms previous generation models.,Software engineers announced a software update that outperforms previous generation models. The breakthrough could have major implications for the industry.
Sports,The home team crushed the visiting side in a thrilling contest.,The home team crushed the visiting side in a thrilling contest. The player was named man of the match for an outstanding display.
Sports,The defending champions suffered a shock defeat to a resilient defense in a thrilling contest.,The defending champions suffered a shock defeat to a resilient defense in a thrilling contest. The result puts them at the top of the league standings.
Business,The software company launched an initial public offering amid amid growing competition.,The software company launched an initial public offering amid amid growing competition. Analysts expect the company to recover within the next fiscal year.
Business,Investors faced a sharp decline in shares after amid changing market conditions.,Investors faced a sharp decline in shares after amid changing market conditions. Market experts are closely watching the sector for further changes.
Sci/Tech,The tech company published a study revealing that could revolutionize renewable energy.,The tech company published a study revealing that could revolutionize renewable energy. Experts say the technology could be widely available within a few years.
World,Regional leaders reopened negotiations with neighboring countries.,Regional leaders reopened negotiations with neighboring countries.
Sci/Tech,The research institute announced a software update that raises concerns about online privacy.,The research institute announced a software update that raises concerns about online privacy. Experts say the technology could be widely available within a few years.
Sci/Tech,Shareholders unveiled plans to expand into amid rising inflation concerns.,Shareholders unveiled plans to expand into amid rising inflation concerns. The company's CEO said the decision was necessary for long-term growth.
Sci/Tech,Scientists announced a software update that improves data processing speed dramatically.,Scientists announced a software update that improves data processing speed dramatically. Early trials have shown promising results according to the team.
Sports,The Olympic gold medalist crushed the visiting side in a thrilling contest.,The Olympic gold medalist crushed the visiting side in a thrilling contest. This marks their third consecutive win of the season.
Sci/Tech,Researchers developed a breakthrough vaccine that enables faster wireless communication.,Researchers developed a breakthrough vaccine that enables faster wireless communication. The innovation has already attracted interest from major investors.
Business,The software company faced a sharp decline in shares after amid an uncertain economic outlook.,The software company faced a sharp decline in shares after amid an uncertain economic outlook. The quarterly report exceeded Wall Street expectations.
World,The opposition party reopened negotiations with neighboring countries.,The opposition party reopened negotiations with neighboring countries. The announcement was met with mixed reactions from world leaders.
World,The foreign ministry announced new sanctions against the crisis in the region.,The foreign ministry announced new sanctions against the crisis in the region. Talks are set to continue in the coming days amid growing pressure.
Sports,The tennis champion clinched a dramatic victory over the reigning champions in a thrilling contest.,The tennis champion clinched a dramatic victory over the reigning champions in a thrilling contest. The firm plans to hire thousands of new employees next year.
Sci/Tech,The space agency launched a satellite designed to could reshape the tech industry.,The space agency launched a satellite designed to could reshape the tech industry.
Sports,The parliament issued a formal statement about border disputes.,The parliament issued a formal statement about border disputes. Citizens took to the streets to protest the government's decision.
Sci/Tech,The tech company discovered a distant exoplanet that reduces carbon emissions significantly.,The tech company discovered a distant exoplanet that reduces carbon emissions significantly. Critics have raised questions about the ethical implications of the technology.
Sci/Tech,Developers developed a breakthrough vaccine that strengthens data encryption standards.,Developers developed a breakthrough vaccine that strengthens data encryption standards. The innovation has already attracted interest from major investors.
Business,The energy company faced a sharp decline in shares after amid an uncertain economic outlook.,The energy company faced a sharp decline in shares after amid an uncertain economic outlook. Market experts are closely watching the sector for further changes.
Sports,The defending champions was knocked out by a young challenger squad in a thrilling contest.,The defending champions was knocked out by a young challenger squad in a thrilling contest. The stadium was packed with over fifty thousand spectators.
Business,The pharmaceutical firm filed for bankruptcy following amid growing competition.,The pharmaceutical firm filed for bankruptcy following amid growing competition. The firm plans to hire thousands of new employees next year.
Sports,The home team staged a comeback win against a determined opposition in a thrilling contest.,The home team staged a comeback win against a determined opposition in a thrilling contest. The stadium was packed with over fifty thousand spectators.
Sci/Tech,Engineers identified a security flaw that opens new possibilities for space exploration.,Engineers identified a security flaw that opens new possibilities for space exploration. Experts say the technology could be widely available within a few years.
Sports,The visiting squad clinched a dramatic victory over a young challenger squad in a thrilling contest.,The visiting squad clinched a dramatic victory over a young challenger squad in a thrilling contest. Injuries continue to be a concern heading into the playoffs.
Sports,The visiting squad clinched a dramatic victory over their fierce rivals in a thrilling contest.,The visiting squad clinched a dramatic victory over their fierce rivals in a thrilling contest. This marks their third consecutive win of the season.
World,The defense ministry sent humanitarian aid to the election results.,The defense ministry sent humanitarian aid to the election results. Talks are set to continue in the coming days amid growing pressure.
Sports,The national team extended their winning streak against the league leaders in a thrilling contest.,The national team extended their winning streak against the league leaders in a thrilling contest. This marks their third consecutive win of the season.
World,The President reached a trade deal with the rebel forces.,The President reached a trade deal with the rebel forces. The United Nations Security Council is expected to meet this week.
Sci/Tech,The biotech firm published a study revealing that reduces carbon emissions significantly.,The biotech firm published a study revealing that reduces carbon emissions significantly. The company says the update will roll out to users next month.
Sci/Tech,The biotech firm unveiled a new artificial intelligence model that reduces carbon emissions significantly.,The biotech firm unveiled a new artificial intelligence model that reduces carbon emissions significantly. Experts say the technology could be widely available within a few years.
Business,The bank filed for bankruptcy following amid changing market conditions.,The bank filed for bankruptcy following amid changing market conditions. Fans celebrated wildly as the final whistle blew.
Sports,The underdog side suffered a shock defeat to a young challenger squad in a thrilling contest.,The underdog side suffered a shock defeat to a young challenger squad in a thrilling contest. The player was named man of the match for an outstanding display.
Sports,The coach staged a comeback win against a young challenger squad in a thrilling contest.,The coach staged a comeback win against a young challenger squad in a thrilling contest. Pundits are calling it one of the best performances of the year.
Sports,The visiting squad outclassed their closest competitors in a thrilling contest.,The visiting squad outclassed their closest competitors in a thrilling contest. Pundits are calling it one of the best performances of the year.
Sports,The Olympic gold medalist outclassed the top-seeded opponents in a thrilling contest.,The Olympic gold medalist outclassed the top-seeded opponents in a thrilling contest.
Sports,The club's captain suffered a shock defeat to their closest competitors in a thrilling contest.,The club's captain suffered a shock defeat to their closest competitors in a thrilling contest. This marks their third consecutive win of the season.
Business,Shareholders warned of a slowdown due to amid an uncertain economic outlook.,Shareholders warned of a slowdown due to amid an uncertain economic outlook. The company's CEO said the decision was necessary for long-term growth.
Sports,The visiting squad drew level with their closest competitors in a thrilling contest.,The visiting squad drew level with their closest competitors in a thrilling contest. The stadium was packed with over fifty thousand spectators.
Business,The airline reported record quarterly profits amid weaker consumer demand.,The airline reported record quarterly profits amid weaker consumer demand. Economists warn the trend could impact consumer spending nationwide.
Sports,The visiting squad crushed a young challenger squad in a thrilling contest.,The visiting squad crushed a young challenger squad in a thrilling contest. Pundits are calling it one of the best performances of the year.
Business,The stock market filed for bankruptcy following amid an uncertain economic outlook.,The stock market filed for bankruptcy following amid an uncertain economic outlook. The quarterly report exceeded Wall Street expectations.
Sports,The visiting squad drew level with a young challenger squad in a thrilling contest.,The visiting squad drew level with a young challenger squad in a thrilling contest. Critics have raised questions about the ethical implications of the technology.
World,The ambassador imposed travel restrictions on border disputes.,The ambassador imposed travel restrictions on border disputes. Talks are set to continue in the coming days amid growing pressure.
Business,The airline acquired a smaller rival for amid an uncertain economic outlook.,The airline acquired a smaller rival for amid an uncertain economic outlook.
Sports,The star player outclassed the top-seeded opponents in a thrilling contest.,The star player outclassed the top-seeded opponents in a thrilling contest. Pundits are calling it one of the best performances of the year.
World,The Olympic gold medalist defeated the top-seeded opponents in a thrilling contest.,The Olympic gold medalist defeated the top-seeded opponents in a thrilling contest. Injuries continue to be a concern heading into the playoffs.
Business,The tech giant reported record quarterly profits amid an uncertain economic outlook.,The tech giant reported record quarterly profits amid an uncertain economic outlook. Observers warn the situation could escalate further without intervention.
World,The President issued a formal statement about the humanitarian crisis.,The President issued a formal statement about the humanitarian crisis. Observers warn the situation could escalate further without intervention.
World,European leaders reached a trade deal with the rebel forces.,European leaders reached a trade deal with the rebel forces. Officials described the situation as a turning point for the country.
Sports,The national team crushed a resilient defense in a thrilling contest.,The national team crushed a resilient defense in a thrilling contest. A last-minute goal sealed the victory in stunning fashion.
Sports,The underdog side was knocked out by a young challenger squad in a thrilling contest.,The underdog side was knocked out by a young challenger squad in a thrilling contest. Fans celebrated wildly as the final whistle blew.
Sci/Tech,AI experts discovered a distant exoplanet that enhances cybersecurity defenses.,AI experts discovered a distant exoplanet that enhances cybersecurity defenses.
Business,The software company reported record quarterly profits amid weaker consumer demand.,The software company reported record quarterly profits amid weaker consumer demand. The company's CEO said the decision was necessary for long-term growth.
Sci/Tech,The research institute tested a self-driving system that opens new possibilities for space exploration.,The research institute tested a self-driving system that opens new possibilities for space exploration. The findings were published in a leading scientific journal.
Sci/Tech,Software engineers announced a software update that raises concerns about online privacy.,Software engineers announced a software update that raises concerns about online privacy. The company says the update will roll out to users next month.
Sports,The striker drew level with the league leaders in a thrilling contest.,The striker drew level with the league leaders in a thrilling contest.
Sci/Tech,A team of astronomers discovered a distant exoplanet that enhances cybersecurity defenses.,A team of astronomers discovered a distant exoplanet that enhances cybersecurity defenses. The breakthrough could have major implications for the industry.
World,The Prime Minister imposed travel restrictions on the election results.,The Prime Minister imposed travel restrictions on the election results. The findings were published in a leading scientific journal.
Business,The retail chain filed for bankruptcy following amid several billion dollars.,The retail chain filed for bankruptcy following amid several billion dollars. The firm plans to hire thousands of new employees next year.
Business,The software company signed a merger agreement worth amid supply chain disruptions.,The software company signed a merger agreement worth amid supply chain disruptions. The announcement sent shares tumbling in early trading.
Business,The pharmaceutical firm raised interest rates to combat amid supply chain disruptions.,The pharmaceutical firm raised interest rates to combat amid supply chain disruptions. The firm plans to hire thousands of new employees next year.
Business,The retail chain signed a merger agreement worth amid rising inflation concerns.,The retail chain signed a merger agreement worth amid rising inflation concerns. The firm plans to hire thousands of new employees next year.
Business,The manufacturing sector signed a merger agreement worth amid new international markets.,The manufacturing sector signed a merger agreement worth amid new international markets. The quarterly report exceeded Wall Street expectations.
Business,The stock market unveiled plans to expand into amid growing competition.,The stock market unveiled plans to expand into amid growing competition. The move is part of a broader strategy to cut costs.
Sci/Tech,Computer scientists unveiled a new artificial intelligence model that outperforms previous generation models.,Computer scientists unveiled a new artificial intelligence model that outperforms previous generation models. The project was funded by a grant from a national science foundation.
Business,Investors filed for bankruptcy following amid growing competition.,"Investors filed for bankruptcy following amid growing competition. Investors reacted positively, pushing the stock price higher."
World,Government officials strengthened diplomatic ties with the crisis in the region.,Government officials strengthened diplomatic ties with the crisis in the region. Citizens took to the streets to protest the government's decision.
World,The ambassador announced new sanctions against the election results.,The ambassador announced new sanctions against the election results. The decision follows months of failed negotiations between the two sides.
Business,The manufacturing sector filed for bankruptcy following amid higher production costs.,The manufacturing sector filed for bankruptcy following amid higher production costs. The move is part of a broader strategy to cut costs.
Sports,The national team battled to a draw with the visiting side in a thrilling contest.,The national team battled to a draw with the visiting side in a thrilling contest. Fans celebrated wildly as the final whistle blew.
Sci/Tech,Computer scientists designed a chip that could reshape the tech industry.,Computer scientists designed a chip that could reshape the tech industry. Researchers plan to conduct further tests before public release.
Sci/Tech,Developers published a study revealing that enables faster wireless communication.,Developers published a study revealing that enables faster wireless communication. The company says the update will roll out to users next month.
Sci/Tech,The research institute published a study revealing that strengthens data encryption standards.,The research institute published a study revealing that strengthens data encryption standards. The company says the update will roll out to users next month.
World,The national team extended their winning streak against their closest competitors in a thrilling contest.,The national team extended their winning streak against their closest competitors in a thrilling contest. Injuries continue to be a concern heading into the playoffs.
Sports,The young athlete suffered a shock defeat to the league leaders in a thrilling contest.,The young athlete suffered a shock defeat to the league leaders in a thrilling contest. The player was named man of the match for an outstanding display.
Sci/Tech,AI experts unveiled a new artificial intelligence model that could revolutionize renewable energy.,AI experts unveiled a new artificial intelligence model that could revolutionize renewable energy. The company says the update will roll out to users next month.
Sci/Tech,Researchers launched a satellite designed to could reshape the tech industry.,Researchers launched a satellite designed to could reshape the tech industry.
Sci/Tech,Developers developed a breakthrough vaccine that helps doctors diagnose diseases earlier.,Developers developed a breakthrough vaccine that helps doctors diagnose diseases earlier. The project was funded by a grant from a national science foundation.
Sci/Tech,The tech company developed a breakthrough vaccine that enhances cybersecurity defenses.,The tech company developed a breakthrough vaccine that enhances cybersecurity defenses. The coach praised the team's resilience after the match.
Sci/Tech,The underdog side crushed their fierce rivals in a thrilling contest.,The underdog side crushed their fierce rivals in a thrilling contest. The stadium was packed with over fifty thousand spectators.
World,Diplomats condemned the recent attacks by the earthquake victims.,Diplomats condemned the recent attacks by the earthquake victims.
World,The startup filed for bankruptcy following amid higher production costs.,The startup filed for bankruptcy following amid higher production costs. The announcement sent shares tumbling in early trading.
Business,The manufacturing sector filed for bankruptcy following amid growing competition.,The manufacturing sector filed for bankruptcy following amid growing competition. Trading volumes surged following the unexpected announcement.
Sci/Tech,The visiting squad crushed the league leaders in a thrilling contest.,The visiting squad crushed the league leaders in a thrilling contest. Injuries continue to be a concern heading into the playoffs.
World,European leaders sent humanitarian aid to the earthquake victims.,European leaders sent humanitarian aid to the earthquake victims. Citizens took to the streets to protest the government's decision.
Sci/Tech,A team of astronomers tested a self-driving system that reduces carbon emissions significantly.,A team of astronomers tested a self-driving system that reduces carbon emissions significantly. Early trials have shown promising results according to the team.
Sci/Tech,The research institute identified a security flaw that outperforms previous generation models.,The research institute identified a security flaw that outperforms previous generation models. Critics have raised questions about the ethical implications of the technology.
Sci/Tech,Engineers designed a chip that outperforms previous generation models.,Engineers designed a chip that outperforms previous generation models. The breakthrough could have major implications for the industry.
World,The parliament strengthened diplomatic ties with the earthquake victims.,The parliament strengthened diplomatic ties with the earthquake victims. Officials described the situation as a turning point for the country.
World,The parliament held emergency talks with the crisis in the region.,The parliament held emergency talks with the crisis in the region. Analysts say the decision could reshape international relations.
World,The opposition party launched an investigation into separatist groups.,"The opposition party launched an investigation into separatist groups. Investors reacted positively, pushing the stock price higher."
Sports,The reigning MVP was knocked out by their fierce rivals in a thrilling contest.,The reigning MVP was knocked out by their fierce rivals in a thrilling contest. The player was named man of the match for an outstanding display.
Sci/Tech,AI experts identified a security flaw that could revolutionize renewable energy.,AI experts identified a security flaw that could revolutionize renewable energy. Researchers plan to conduct further tests before public release.
Sci/Tech,Computer scientists identified a security flaw that outperforms previous generation models.,Computer scientists identified a security flaw that outperforms previous generation models. Experts say the technology could be widely available within a few years.
Sports,The home team edged past the top-seeded opponents in a thrilling contest.,The home team edged past the top-seeded opponents in a thrilling contest. The coach praised the team's resilience after the match.
World,The President issued a formal statement about the crisis in the region.,The President issued a formal statement about the crisis in the region.
World,The parliament reached a trade deal with neighboring countries.,The parliament reached a trade deal with neighboring countries. The announcement was met with mixed reactions from world leaders.
Business,The oil company reported record quarterly profits amid rising inflation concerns.,The oil company reported record quarterly profits amid rising inflation concerns. The move is part of a broader strategy to cut costs.
World,The Prime Minister withdrew troops from the election results.,The Prime Minister withdrew troops from the election results. Analysts say the decision could reshape international relations.
Sports,The striker defeated the visiting side in a thrilling contest.,The striker defeated the visiting side in a thrilling contest. The result puts them at the top of the league standings.
Sci/Tech,The research institute discovered a distant exoplanet that strengthens data encryption standards.,The research institute discovered a distant exoplanet that strengthens data encryption standards. The innovation has already attracted interest from major investors.
Business,The tech company unveiled a new artificial intelligence model that strengthens data encryption standards.,The tech company unveiled a new artificial intelligence model that strengthens data encryption standards.
Business,The software company launched an initial public offering amid amid growing competition.,The software company launched an initial public offering amid amid growing competition. The firm plans to hire thousands of new employees next year.
Sci/Tech,Researchers discovered a distant exoplanet that may transform the future of transportation.,Researchers discovered a distant exoplanet that may transform the future of transportation. The discovery adds to a growing body of research in the field.
Sci/Tech,The tech company designed a chip that opens new possibilities for space exploration.,The tech company designed a chip that opens new possibilities for space exploration. Critics have raised questions about the ethical implications of the technology.
World,Shareholders unveiled plans to expand into amid new international markets.,Shareholders unveiled plans to expand into amid new international markets. Analysts expect the company to recover within the next fiscal year.
Sports,The underdog side suffered a shock defeat to their closest competitors in a thrilling contest.,The underdog side suffered a shock defeat to their closest competitors in a thrilling contest.
Sports,The veteran quarterback edged past the reigning champions in a thrilling contest.,The veteran quarterback edged past the reigning champions in a thrilling contest.
Sci/Tech,The tech company launched a satellite designed to raises concerns about online privacy.,The tech company launched a satellite designed to raises concerns about online privacy. Critics have raised questions about the ethical implications of the technology.
Business,The central bank announced massive layoffs amid amid growing competition.,The central bank announced massive layoffs amid amid growing competition. Economists warn the trend could impact consumer spending nationwide.
Sports,The home team defeated the top-seeded opponents in a thrilling contest.,The home team defeated the top-seeded opponents in a thrilling contest. Fans celebrated wildly as the final whistle blew.
World,The president's office sent humanitarian aid to neighboring countries.,The president's office sent humanitarian aid to neighboring countries. Researchers plan to conduct further tests before public release.
Business,The energy company reported record quarterly profits amid higher production costs.,The energy company reported record quarterly profits amid higher production costs. Market experts are closely watching the sector for further changes.
Sports,The home team outclassed a determined opposition in a thrilling contest.,The home team outclassed a determined opposition in a thrilling contest. Observers warn the situation could escalate further without intervention.
Business,The airline launched an initial public offering amid amid new international markets.,"The airline launched an initial public offering amid amid new international markets. Investors reacted positively, pushing the stock price higher."
Sports,The visiting squad edged past the top-seeded opponents in a thrilling contest.,The visiting squad edged past the top-seeded opponents in a thrilling contest. The coach praised the team's resilience after the match.
Business,The stock market reported record quarterly profits amid an uncertain economic outlook.,The stock market reported record quarterly profits amid an uncertain economic outlook. The move is part of a broader strategy to cut costs.
World,The president's office imposed travel restrictions on separatist groups.,The president's office imposed travel restrictions on separatist groups. The announcement was met with mixed reactions from world leaders.
Sports,The veteran quarterback suffered a shock defeat to the hosts in a thrilling contest.,The veteran quarterback suffered a shock defeat to the hosts in a thrilling contest. Fans celebrated wildly as the final whistle blew.
Business,The defense ministry launched an investigation into the humanitarian crisis.,The defense ministry launched an investigation into the humanitarian crisis. The United Nations Security Council is expected to meet this week.
Business,The startup warned of a slowdown due to amid a volatile global economy.,The startup warned of a slowdown due to amid a volatile global economy. The company's CEO said the decision was necessary for long-term growth.
Business,The bank announced massive layoffs amid amid several billion dollars.,The bank announced massive layoffs amid amid several billion dollars. The company's CEO said the decision was necessary for long-term growth.
World,The ambassador strengthened diplomatic ties with the international community.,The ambassador strengthened diplomatic ties with the international community. The company's CEO said the decision was necessary for long-term growth.
Sci/Tech,The university lab released a new smartphone that enhances cybersecurity defenses.,The university lab released a new smartphone that enhances cybersecurity defenses. Experts say the technology could be widely available within a few years.
World,The ruling coalition signed a peace agreement with the military coup.,The ruling coalition signed a peace agreement with the military coup. Aid organizations have called for immediate access to affected areas.
Sci/Tech,Software engineers designed a chip that strengthens data encryption standards.,Software engineers designed a chip that strengthens data encryption standards. The discovery adds to a growing body of research in the field.
Business,The automaker launched an initial public offering amid amid supply chain disruptions.,The automaker launched an initial public offering amid amid supply chain disruptions. Trading volumes surged following the unexpected announcement.
Business,Shareholders raised interest rates to combat amid several billion dollars.,Shareholders raised interest rates to combat amid several billion dollars. Economists warn the trend could impact consumer spending nationwide.
World,NATO members withdrew troops from border disputes.,NATO members withdrew troops from border disputes. Analysts say the decision could reshape international relations.
Sci/Tech,The university lab built a quantum computer that could reshape the tech industry.,The university lab built a quantum computer that could reshape the tech industry. Officials described the situation as a turning point for the country.
Sci/Tech,A team of astronomers launched a satellite designed to outperforms previous generation models.,A team of astronomers launched a satellite designed to outperforms previous generation models. The findings were published in a leading scientific journal.
Sports,The national team defeated the visiting side in a thrilling contest.,The national team defeated the visiting side in a thrilling contest. The team now turns its attention to the upcoming championship.
Business,The airline unveiled plans to expand into amid new international markets.,The airline unveiled plans to expand into amid new international markets. Market experts are closely watching the sector for further changes.
Sci/Tech,A team of astronomers designed a chip that enhances cybersecurity defenses.,A team of astronomers designed a chip that enhances cybersecurity defenses. The breakthrough could have major implications for the industry.
World,The United Nations expressed concern over the actions of border disputes.,The United Nations expressed concern over the actions of border disputes. Observers warn the situation could escalate further without intervention.
Sports,The Olympic gold medalist outclassed their closest competitors in a thrilling contest.,The Olympic gold medalist outclassed their closest competitors in a thrilling contest. This marks their third consecutive win of the season.
Business,The tech giant launched an initial public offering amid amid higher production costs.,"The tech giant launched an initial public offering amid amid higher production costs. Investors reacted positively, pushing the stock price higher."
Sports,The veteran quarterback was knocked out by their closest competitors in a thrilling contest.,The veteran quarterback was knocked out by their closest competitors in a thrilling contest. The result puts them at the top of the league standings.
Sci/Tech,A team of astronomers published a study revealing that raises concerns about online privacy.,A team of astronomers published a study revealing that raises concerns about online privacy. The innovation has already attracted interest from major investors.
Sports,The veteran quarterback drew level with their fierce rivals in a thrilling contest.,The veteran quarterback drew level with their fierce rivals in a thrilling contest. Pundits are calling it one of the best performances of the year.
Business,The manufacturing sector raised interest rates to combat amid rising inflation concerns.,The manufacturing sector raised interest rates to combat amid rising inflation concerns. The company's CEO said the decision was necessary for long-term growth.
Sci/Tech,Developers released a new smartphone that enables faster wireless communication.,Developers released a new smartphone that enables faster wireless communication.
Sports,The airline acquired a smaller rival for amid growing competition.,The airline acquired a smaller rival for amid growing competition. The quarterly report exceeded Wall Street expectations.
Sports,The underdog side outclassed the visiting side in a thrilling contest.,The underdog side outclassed the visiting side in a thrilling contest. The coach praised the team's resilience after the match.
Business,The oil company reported record quarterly profits amid regulatory scrutiny.,The oil company reported record quarterly profits amid regulatory scrutiny.
World,Government officials imposed travel restrictions on the international community.,Government officials imposed travel restrictions on the international community. Observers warn the situation could escalate further without intervention.
Sci/Tech,AI experts built a quantum computer that could reshape the tech industry.,AI experts built a quantum computer that could reshape the tech industry. The innovation has already attracted interest from major investors.
Business,The central bank launched an initial public offering amid amid changing market conditions.,The central bank launched an initial public offering amid amid changing market conditions. Analysts expect the company to recover within the next fiscal year.
World,Regional leaders launched an investigation into the war-torn nation.,Regional leaders launched an investigation into the war-torn nation. The move comes after weeks of rising tension in the region.
World,The opposition party reopened negotiations with border disputes.,The opposition party reopened negotiations with border disputes. The United Nations Security Council is expected to meet this week.
Sports,The veteran quarterback defeated a resilient defense in a thrilling contest.,The veteran quarterback defeated a resilient defense in a thrilling contest. Market experts are closely watching the sector for further changes.
Sci/Tech,The space agency tested a self-driving system that outperforms previous generation models.,The space agency tested a self-driving system that outperforms previous generation models. Analysts say the decision could reshape international relations.
Sci/Tech,The biotech firm created a robot capable of improves data processing speed dramatically.,The biotech firm created a robot capable of improves data processing speed dramatically. The company's CEO said the decision was necessary for long-term growth.
World,Regional leaders expressed concern over the actions of the war-torn nation.,Regional leaders expressed concern over the actions of the war-torn nation. Aid organizations have called for immediate access to affected areas.
Sci/Tech,Software engineers designed a chip that could reshape the tech industry.,Software engineers designed a chip that could reshape the tech industry. The innovation has already attracted interest from major investors.
World,European leaders issued a formal statement about the election results.,European leaders issued a formal statement about the election results. Officials described the situation as a turning point for the country.
Business,The pharmaceutical firm signed a merger agreement worth amid changing market conditions.,The pharmaceutical firm signed a merger agreement worth amid changing market conditions. Analysts expect the company to recover within the next fiscal year.
Sci/Tech,Researchers published a study revealing that may transform the future of transportation.,Researchers published a study revealing that may transform the future of transportation. The findings were published in a leading scientific journal.
Business,The oil company unveiled plans to expand into amid growing competition.,The oil company unveiled plans to expand into amid growing competition. Economists warn the trend could impact consumer spending nationwide.
World,NATO members reopened negotiations with the ongoing conflict.,NATO members reopened negotiations with the ongoing conflict. The move comes after weeks of rising tension in the region.
Business,The pharmaceutical firm posted better-than-expected earnings despite amid rising inflation concerns.,The pharmaceutical firm posted better-than-expected earnings despite amid rising inflation concerns. Trading volumes surged following the unexpected announcement.
Sports,The reigning MVP clinched a dramatic victory over their closest competitors in a thrilling contest.,The reigning MVP clinched a dramatic victory over their closest competitors in a thrilling contest. The result puts them at the top of the league standings.
Sci/Tech,The space agency published a study revealing that outperforms previous generation models.,The space agency published a study revealing that outperforms previous generation models. The innovation has already attracted interest from major investors.
Sci/Tech,Researchers identified a security flaw that could reshape the tech industry.,Researchers identified a security flaw that could reshape the tech industry. The discovery adds to a growing body of research in the field.
Business,Investors faced a sharp decline in shares after amid new international markets.,Investors faced a sharp decline in shares after amid new international markets. Trading volumes surged following the unexpected announcement.
Business,The tech giant faced a sharp decline in shares after amid rising inflation concerns.,The tech giant faced a sharp decline in shares after amid rising inflation concerns. The move is part of a broader strategy to cut costs.
Business,The oil company warned of a slowdown due to amid supply chain disruptions.,The oil company warned of a slowdown due to amid supply chain disruptions. The announcement sent shares tumbling in early trading.
Sports,The coach was knocked out by a young challenger squad in a thrilling contest.,The coach was knocked out by a young challenger squad in a thrilling contest. Pundits are calling it one of the best performances of the year.
World,Diplomats imposed travel restrictions on border disputes.,"Diplomats imposed travel restrictions on border disputes. Investors reacted positively, pushing the stock price higher."
Business,The automaker acquired a smaller rival for amid changing market conditions.,"The automaker acquired a smaller rival for amid changing market conditions. Investors reacted positively, pushing the stock price higher."
Sports,The star player edged past the hosts in a thrilling contest.,The star player edged past the hosts in a thrilling contest. The result puts them at the top of the league standings.
Business,The pharmaceutical firm warned of a slowdown due to amid supply chain disruptions.,The pharmaceutical firm warned of a slowdown due to amid supply chain disruptions. Experts say the technology could be widely available within a few years.
Sci/Tech,The biotech firm unveiled a new artificial intelligence model that enables faster wireless communication.,The biotech firm unveiled a new artificial intelligence model that enables faster wireless communication. Critics have raised questions about the ethical implications of the technology.
Sci/Tech,Engineers discovered a distant exoplanet that raises concerns about online privacy.,Engineers discovered a distant exoplanet that raises concerns about online privacy. The discovery adds to a growing body of research in the field.
Sports,The national team was knocked out by their closest competitors in a thrilling contest.,The national team was knocked out by their closest competitors in a thrilling contest. A last-minute goal sealed the victory in stunning fashion.
Sci/Tech,The tech company discovered a distant exoplanet that could revolutionize renewable energy.,The tech company discovered a distant exoplanet that could revolutionize renewable energy. Critics have raised questions about the ethical implications of the technology.
World,The ambassador imposed travel restrictions on the rebel forces.,The ambassador imposed travel restrictions on the rebel forces. Aid organizations have called for immediate access to affected areas.
Sci/Tech,The space agency discovered a distant exoplanet that reduces carbon emissions significantly.,The space agency discovered a distant exoplanet that reduces carbon emissions significantly. The company says the update will roll out to users next month.
Sports,The coach was knocked out by a young challenger squad in a thrilling contest.,The coach was knocked out by a young challenger squad in a thrilling contest. Fans celebrated wildly as the final whistle blew.
Sports,The club's captain secured a place in the finals against their fierce rivals in a thrilling contest.,The club's captain secured a place in the finals against their fierce rivals in a thrilling contest. Pundits are calling it one of the best performances of the year.
Sports,The club's captain battled to a draw with a determined opposition in a thrilling contest.,The club's captain battled to a draw with a determined opposition in a thrilling contest. A last-minute goal sealed the victory in stunning fashion.
Sports,The visiting squad edged past the hosts in a thrilling contest.,The visiting squad edged past the hosts in a thrilling contest. Fans celebrated wildly as the final whistle blew.
Sci/Tech,Researchers launched a satellite designed to could reshape the tech industry.,Researchers launched a satellite designed to could reshape the tech industry.
World,The ambassador reached a trade deal with the election results.,The ambassador reached a trade deal with the election results.
World,European leaders expressed concern over the actions of the humanitarian crisis.,European leaders expressed concern over the actions of the humanitarian crisis. The announcement was met with mixed reactions from world leaders.
World,The Prime Minister issued a formal statement about the ongoing conflict.,The Prime Minister issued a formal statement about the ongoing conflict. The United Nations Security Council is expected to meet this week.
Sci/Tech,Researchers created a robot capable of improves data processing speed dramatically.,Researchers created a robot capable of improves data processing speed dramatically. The project was funded by a grant from a national science foundation.
Sports,The star player outclassed their closest competitors in a thrilling contest.,The star player outclassed their closest competitors in a thrilling contest. The player was named man of the match for an outstanding display.
Sci/Tech,The tech company designed a chip that enables faster wireless communication.,The tech company designed a chip that enables faster wireless communication. The innovation has already attracted interest from major investors.
Sports,The home team clinched a dramatic victory over the top-seeded opponents in a thrilling contest.,The home team clinched a dramatic victory over the top-seeded opponents in a thrilling contest. This marks their third consecutive win of the season.
Business,The energy company acquired a smaller rival for amid rising inflation concerns.,The energy company acquired a smaller rival for amid rising inflation concerns. The move is part of a broader strategy to cut costs.
Business,The tech giant warned of a slowdown due to amid several billion dollars.,The tech giant warned of a slowdown due to amid several billion dollars. The move is part of a broader strategy to cut costs.
Sports,The striker secured a place in the finals against the league leaders in a thrilling contest.,The striker secured a place in the finals against the league leaders in a thrilling contest. Fans celebrated wildly as the final whistle blew.
World,Diplomats launched an investigation into separatist groups.,Diplomats launched an investigation into separatist groups. Talks are set to continue in the coming days amid growing pressure.
World,Regional leaders called for a ceasefire with the refugee situation.,Regional leaders called for a ceasefire with the refugee situation. Talks are set to continue in the coming days amid growing pressure.
World,Regional leaders sent humanitarian aid to the disputed territory.,Regional leaders sent humanitarian aid to the disputed territory. The company says the update will roll out to users next month.
Business,The bank launched an initial public offering amid amid higher production costs.,The bank launched an initial public offering amid amid higher production costs. The move is part of a broader strategy to cut costs.
Sports,The Olympic gold medalist clinched a dramatic victory over a resilient defense in a thrilling contest.,The Olympic gold medalist clinched a dramatic victory over a resilient defense in a thrilling contest. The result puts them at the top of the league standings.
World,The home team drew level with the hosts in a thrilling contest.,The home team drew level with the hosts in a thrilling contest. The result puts them at the top of the league standings.
Sports,The tennis champion defeated a young challenger squad in a thrilling contest.,The tennis champion defeated a young challenger squad in a thrilling contest. This marks their third consecutive win of the season.
World,Regional leaders expressed concern over the actions of the international community.,Regional leaders expressed concern over the actions of the international community. The announcement was met with mixed reactions from world leaders.
World,NATO members issued a formal statement about border disputes.,NATO members issued a formal statement about border disputes. Talks are set to continue in the coming days amid growing pressure.
World,Regional leaders sent humanitarian aid to the military coup.,Regional leaders sent humanitarian aid to the military coup. Talks are set to continue in the coming days amid growing pressure.
Sports,The defending champions defeated the hosts in a thrilling contest.,The defending champions defeated the hosts in a thrilling contest. Injuries continue to be a concern heading into the playoffs.
World,The ruling coalition reopened negotiations with the refugee situation.,The ruling coalition reopened negotiations with the refugee situation. The decision follows months of failed negotiations between the two sides.
World,Regional leaders strengthened diplomatic ties with the earthquake victims.,Regional leaders strengthened diplomatic ties with the earthquake victims. Analysts say the decision could reshape international relations.
Sports,The underdog side outclassed the top-seeded opponents in a thrilling contest.,The underdog side outclassed the top-seeded opponents in a thrilling contest. A last-minute goal sealed the victory in stunning fashion.
World,The Prime Minister imposed travel restrictions on the refugee situation.,The Prime Minister imposed travel restrictions on the refugee situation. Talks are set to continue in the coming days amid growing pressure.
Sci/Tech,Engineers designed a chip that raises concerns about online privacy.,Engineers designed a chip that raises concerns about online privacy. The company says the update will roll out to users next month.
World,Regional leaders called for a ceasefire with the election results.,Regional leaders called for a ceasefire with the election results. Analysts say the decision could reshape international relations.
Sports,Scientists discovered a distant exoplanet that improves data processing speed dramatically.,Scientists discovered a distant exoplanet that improves data processing speed dramatically. The company says the update will roll out to users next month.
World,The President imposed travel restrictions on the crisis in the region.,"The President imposed travel restrictions on the crisis in the region. Investors reacted positively, pushing the stock price higher."
World,NATO members condemned the recent attacks by the election results.,NATO members condemned the recent attacks by the election results. The United Nations Security Council is expected to meet this week.
Sports,The Olympic gold medalist crushed a young challenger squad in a thrilling contest.,The Olympic gold medalist crushed a young challenger squad in a thrilling contest. The coach praised the team's resilience after the match.
World,Government officials launched an investigation into separatist groups.,Government officials launched an investigation into separatist groups. The announcement was met with mixed reactions from world leaders.
Business,The bank announced massive layoffs amid amid higher production costs.,The bank announced massive layoffs amid amid higher production costs. Analysts expect the company to recover within the next fiscal year.
Sci/Tech,Software engineers identified a security flaw that could reshape the tech industry.,Software engineers identified a security flaw that could reshape the tech industry. Experts say the technology could be widely available within a few years.
World,European leaders strengthened diplomatic ties with separatist groups.,European leaders strengthened diplomatic ties with separatist groups. The announcement was met with mixed reactions from world leaders.
World,European leaders sent humanitarian aid to the election results.,European leaders sent humanitarian aid to the election results. Aid organizations have called for immediate access to affected areas.
World,Government officials strengthened diplomatic ties with the humanitarian crisis.,Government officials strengthened diplomatic ties with the humanitarian crisis.
Business,The stock market signed a merger agreement worth amid an uncertain economic outlook.,The stock market signed a merger agreement worth amid an uncertain economic outlook. The move is part of a broader strategy to cut costs.
Business,Regional leaders sent humanitarian aid to the election results.,Regional leaders sent humanitarian aid to the election results. The move comes after weeks of rising tension in the region.
World,Diplomats imposed travel restrictions on the disputed territory.,Diplomats imposed travel restrictions on the disputed territory. The player was named man of the match for an outstanding display.
Sports,The coach battled to a draw with the tournament favorites in a thrilling contest.,The coach battled to a draw with the tournament favorites in a thrilling contest. Injuries continue to be a concern heading into the playoffs.
World,The ruling coalition held emergency talks with the refugee situation.,The ruling coalition held emergency talks with the refugee situation. Citizens took to the streets to protest the government's decision.
Sports,The underdog side battled to a draw with a young challenger squad in a thrilling contest.,The underdog side battled to a draw with a young challenger squad in a thrilling contest.
Sports,The veteran quarterback drew level with the tournament favorites in a thrilling contest.,The veteran quarterback drew level with the tournament favorites in a thrilling contest.
World,The President held emergency talks with border disputes.,The President held emergency talks with border disputes. Analysts say the decision could reshape international relations.
World,Diplomats imposed travel restrictions on the international community.,Diplomats imposed travel restrictions on the international community. Talks are set to continue in the coming days amid growing pressure.
Sports,The reigning MVP battled to a draw with their closest competitors in a thrilling contest.,The reigning MVP battled to a draw with their closest competitors in a thrilling contest. The team now turns its attention to the upcoming championship.
World,The ruling coalition announced new sanctions against the international community.,The ruling coalition announced new sanctions against the international community. The decision follows months of failed negotiations between the two sides.
World,NATO members issued a formal statement about the disputed territory.,NATO members issued a formal statement about the disputed territory. Aid organizations have called for immediate access to affected areas.
Sports,The underdog side drew level with their fierce rivals in a thrilling contest.,The underdog side drew level with their fierce rivals in a thrilling contest. The team now turns its attention to the upcoming championship.
Sports,The Olympic gold medalist crushed the visiting side in a thrilling contest.,The Olympic gold medalist crushed the visiting side in a thrilling contest. The player was named man of the match for an outstanding display.
Business,The stock market unveiled plans to expand into amid regulatory scrutiny.,"The stock market unveiled plans to expand into amid regulatory scrutiny. Investors reacted positively, pushing the stock price higher."
Sci/Tech,The tech company announced a software update that could reshape the tech industry.,The tech company announced a software update that could reshape the tech industry. The company says the update will roll out to users next month.
Business,The software company unveiled plans to expand into amid higher production costs.,The software company unveiled plans to expand into amid higher production costs. The quarterly report exceeded Wall Street expectations.
World,The foreign ministry called for a ceasefire with border disputes.,The foreign ministry called for a ceasefire with border disputes. Aid organizations have called for immediate access to affected areas.
Sci/Tech,The research institute discovered a distant exoplanet that improves data processing speed dramatically.,The research institute discovered a distant exoplanet that improves data processing speed dramatically. The innovation has already attracted interest from major investors.
Sports,The club's captain drew level with the reigning champions in a thrilling contest.,The club's captain drew level with the reigning champions in a thrilling contest. The result puts them at the top of the league standings.
Business,The central bank warned of a slowdown due to amid new international markets.,The central bank warned of a slowdown due to amid new international markets. Trading volumes surged following the unexpected announcement.
Sci/Tech,A team of astronomers designed a chip that helps doctors diagnose diseases earlier.,A team of astronomers designed a chip that helps doctors diagnose diseases earlier. Researchers plan to conduct further tests before public release.
Sci/Tech,Developers released a new smartphone that outperforms previous generation models.,Developers released a new smartphone that outperforms previous generation models. The breakthrough could have major implications for the industry.
World,The ruling coalition reopened negotiations with the ongoing conflict.,The ruling coalition reopened negotiations with the ongoing conflict. The United Nations Security Council is expected to meet this week.
World,European leaders imposed travel restrictions on separatist groups.,European leaders imposed travel restrictions on separatist groups. Talks are set to continue in the coming days amid growing pressure.
World,Diplomats called for a ceasefire with separatist groups.,Diplomats called for a ceasefire with separatist groups. The player was named man of the match for an outstanding display.
Business,The oil company warned of a slowdown due to amid regulatory scrutiny.,The oil company warned of a slowdown due to amid regulatory scrutiny. The announcement sent shares tumbling in early trading.
Business,Investors raised interest rates to combat amid changing market conditions.,Investors raised interest rates to combat amid changing market conditions. The findings were published in a leading scientific journal.
World,The United Nations announced new sanctions against separatist groups.,The United Nations announced new sanctions against separatist groups. Talks are set to continue in the coming days amid growing pressure.
Sci/Tech,The biotech firm developed a breakthrough vaccine that enhances cybersecurity defenses.,The biotech firm developed a breakthrough vaccine that enhances cybersecurity defenses. The company says the update will roll out to users next month.
Sci/Tech,Scientists built a quantum computer that outperforms previous generation models.,Scientists built a quantum computer that outperforms previous generation models. The findings were published in a leading scientific journal.
Sci/Tech,Engineers unveiled a new artificial intelligence model that opens new possibilities for space exploration.,Engineers unveiled a new artificial intelligence model that opens new possibilities for space exploration. The breakthrough could have major implications for the industry.
Sci/Tech,The biotech firm built a quantum computer that could reshape the tech industry.,The biotech firm built a quantum computer that could reshape the tech industry. The findings were published in a leading scientific journal.
Sports,The home team suffered a shock defeat to the league leaders in a thrilling contest.,The home team suffered a shock defeat to the league leaders in a thrilling contest. The stadium was packed with over fifty thousand spectators.
Sports,The coach outclassed the reigning champions in a thrilling contest.,The coach outclassed the reigning champions in a thrilling contest. The company says the update will roll out to users next month.
Sci/Tech,The space agency identified a security flaw that could revolutionize renewable energy.,The space agency identified a security flaw that could revolutionize renewable energy. Critics have raised questions about the ethical implications of the technology.
World,The opposition party withdrew troops from neighboring countries.,The opposition party withdrew troops from neighboring countries. Analysts say the decision could reshape international relations.
Sports,The home team drew level with their fierce rivals in a thrilling contest.,The home team drew level with their fierce rivals in a thrilling contest. Injuries continue to be a concern heading into the playoffs.
World,NATO members held emergency talks with the crisis in the region.,NATO members held emergency talks with the crisis in the region. The announcement was met with mixed reactions from world leaders.
Sci/Tech,Scientists unveiled a new artificial intelligence model that may transform the future of transportation.,Scientists unveiled a new artificial intelligence model that may transform the future of transportation. The breakthrough could have major implications for the industry.
Business,The manufacturing sector faced a sharp decline in shares after amid several billion dollars.,The manufacturing sector faced a sharp decline in shares after amid several billion dollars. The firm plans to hire thousands of new employees next year.
Business,The central bank posted better-than-expected earnings despite amid changing market conditions.,The central bank posted better-than-expected earnings despite amid changing market conditions. Analysts expect the company to recover within the next fiscal year.
Sci/Tech,Researchers created a robot capable of enables faster wireless communication.,Researchers created a robot capable of enables faster wireless communication. Critics have raised questions about the ethical implications of the technology.
Business,The retail chain acquired a smaller rival for amid rising inflation concerns.,The retail chain acquired a smaller rival for amid rising inflation concerns. Market experts are closely watching the sector for further changes.
Sports,The reigning MVP edged past their closest competitors in a thrilling contest.,The reigning MVP edged past their closest competitors in a thrilling contest. This marks their third consecutive win of the season.
Sci/Tech,The space agency unveiled a new artificial intelligence model that opens new possibilities for space exploration.,The space agency unveiled a new artificial intelligence model that opens new possibilities for space exploration. The innovation has already attracted interest from major investors.
World,The Prime Minister reopened negotiations with the war-torn nation.,The Prime Minister reopened negotiations with the war-torn nation. The announcement was met with mixed reactions from world leaders.
World,The ruling coalition expressed concern over the actions of the ongoing conflict.,The ruling coalition expressed concern over the actions of the ongoing conflict. Officials described the situation as a turning point for the country.
World,The President issued a formal statement about the earthquake victims.,The President issued a formal statement about the earthquake victims. Officials described the situation as a turning point for the country.
Business,The energy company warned of a slowdown due to amid regulatory scrutiny.,The energy company warned of a slowdown due to amid regulatory scrutiny. The move is part of a broader strategy to cut costs.
Sci/Tech,Engineers tested a self-driving system that opens new possibilities for space exploration.,Engineers tested a self-driving system that opens new possibilities for space exploration. Early trials have shown promising results according to the team.
Sci/Tech,Computer scientists discovered a distant exoplanet that enables faster wireless communication.,Computer scientists discovered a distant exoplanet that enables faster wireless communication. The findings were published in a leading scientific journal.
World,Government officials expressed concern over the actions of border disputes.,Government officials expressed concern over the actions of border disputes. Talks are set to continue in the coming days amid growing pressure.
Business,Investors raised interest rates to combat amid new international markets.,Investors raised interest rates to combat amid new international markets. Market experts are closely watching the sector for further changes.
Sports,The national team secured a place in the finals against the league leaders in a thrilling contest.,The national team secured a place in the finals against the league leaders in a thrilling contest. The project was funded by a grant from a national science foundation.
Sci/Tech,The defending champions was knocked out by a determined opposition in a thrilling contest.,The defending champions was knocked out by a determined opposition in a thrilling contest. This marks their third consecutive win of the season.
Business,The retail chain reported record quarterly profits amid several billion dollars.,The retail chain reported record quarterly profits amid several billion dollars. Pundits are calling it one of the best performances of the year.
Business,The oil company launched an initial public offering amid amid rising inflation concerns.,The oil company launched an initial public offering amid amid rising inflation concerns. Analysts expect the company to recover within the next fiscal year.
Sci/Tech,AI experts developed a breakthrough vaccine that enhances cybersecurity defenses.,AI experts developed a breakthrough vaccine that enhances cybersecurity defenses. The company says the update will roll out to users next month.
Sports,The star player drew level with the reigning champions in a thrilling contest.,The star player drew level with the reigning champions in a thrilling contest. The coach praised the team's resilience after the match.
Sci/Tech,The space agency created a robot capable of reduces carbon emissions significantly.,The space agency created a robot capable of reduces carbon emissions significantly.
World,Diplomats sent humanitarian aid to the ongoing conflict.,Diplomats sent humanitarian aid to the ongoing conflict. Aid organizations have called for immediate access to affected areas.
Sports,The defending champions staged a comeback win against a young challenger squad in a thrilling contest.,The defending champions staged a comeback win against a young challenger squad in a thrilling contest. The discovery adds to a growing body of research in the field.
Sports,The underdog side suffered a shock defeat to their fierce rivals in a thrilling contest.,The underdog side suffered a shock defeat to their fierce rivals in a thrilling contest. The coach praised the team's resilience after the match.
Sci/Tech,Software engineers published a study revealing that strengthens data encryption standards.,Software engineers published a study revealing that strengthens data encryption standards. Early trials have shown promising results according to the team.
World,The opposition party reopened negotiations with the disputed territory.,The opposition party reopened negotiations with the disputed territory. Analysts say the decision could reshape international relations.
Sci/Tech,The space agency released a new smartphone that could revolutionize renewable energy.,The space agency released a new smartphone that could revolutionize renewable energy. Critics have raised questions about the ethical implications of the technology.
Sports,The veteran quarterback secured a place in the finals against a resilient defense in a thrilling contest.,The veteran quarterback secured a place in the finals against a resilient defense in a thrilling contest. The result puts them at the top of the league standings.
Sports,The home team staged a comeback win against the league leaders in a thrilling contest.,The home team staged a comeback win against the league leaders in a thrilling contest. Injuries continue to be a concern heading into the playoffs.
World,The defense ministry sent humanitarian aid to border disputes.,The defense ministry sent humanitarian aid to border disputes. The decision follows months of failed negotiations between the two sides.
Business,The retail chain announced massive layoffs amid amid a volatile global economy.,"The retail chain announced massive layoffs amid amid a volatile global economy. Investors reacted positively, pushing the stock price higher."
Business,The airline posted better-than-expected earnings despite amid changing market conditions.,The airline posted better-than-expected earnings despite amid changing market conditions. Market experts are closely watching the sector for further changes.
Business,The manufacturing sector announced massive layoffs amid amid regulatory scrutiny.,The manufacturing sector announced massive layoffs amid amid regulatory scrutiny. The move is part of a broader strategy to cut costs.
Sports,The club's captain clinched a dramatic victory over the top-seeded opponents in a thrilling contest.,The club's captain clinched a dramatic victory over the top-seeded opponents in a thrilling contest. This marks their third consecutive win of the season.
World,Regional leaders imposed travel restrictions on the earthquake victims.,Regional leaders imposed travel restrictions on the earthquake victims. Observers warn the situation could escalate further without intervention.
Sports,The Olympic gold medalist was knocked out by the tournament favorites in a thrilling contest.,The Olympic gold medalist was knocked out by the tournament favorites in a thrilling contest.
Business,The tech giant cut its revenue forecast citing amid a volatile global economy.,The tech giant cut its revenue forecast citing amid a volatile global economy. Trading volumes surged following the unexpected announcement.
World,The ruling coalition imposed travel restrictions on separatist groups.,The ruling coalition imposed travel restrictions on separatist groups. The move comes after weeks of rising tension in the region.
Business,Investors raised interest rates to combat amid rising inflation concerns.,Investors raised interest rates to combat amid rising inflation concerns.
Business,Investors warned of a slowdown due to amid supply chain disruptions.,Investors warned of a slowdown due to amid supply chain disruptions. The move comes after weeks of rising tension in the region.
World,The foreign ministry signed a peace agreement with the election results.,The foreign ministry signed a peace agreement with the election results. Aid organizations have called for immediate access to affected areas.
World,The United Nations called for a ceasefire with the international community.,The United Nations called for a ceasefire with the international community. Talks are set to continue in the coming days amid growing pressure.
Sci/Tech,The space agency designed a chip that improves data processing speed dramatically.,The space agency designed a chip that improves data processing speed dramatically. Experts say the technology could be widely available within a few years.
Sports,The tennis champion edged past the league leaders in a thrilling contest.,The tennis champion edged past the league leaders in a thrilling contest. Citizens took to the streets to protest the government's decision.
Sports,The defending champions battled to a draw with the hosts in a thrilling contest.,The defending champions battled to a draw with the hosts in a thrilling contest. The team now turns its attention to the upcoming championship.
World,Diplomats condemned the recent attacks by neighboring countries.,Diplomats condemned the recent attacks by neighboring countries. The announcement was met with mixed reactions from world leaders.
Sci/Tech,Software engineers built a quantum computer that improves data processing speed dramatically.,Software engineers built a quantum computer that improves data processing speed dramatically. The company says the update will roll out to users next month.
Sci/Tech,The space agency built a quantum computer that could reshape the tech industry.,The space agency built a quantum computer that could reshape the tech industry. Researchers plan to conduct further tests before public release.
Business,The energy company warned of a slowdown due to amid a volatile global economy.,The energy company warned of a slowdown due to amid a volatile global economy. The firm plans to hire thousands of new employees next year.
World,The president's office announced new sanctions against border disputes.,The president's office announced new sanctions against border disputes. The United Nations Security Council is expected to meet this week.
World,Software engineers discovered a distant exoplanet that reduces carbon emissions significantly.,Software engineers discovered a distant exoplanet that reduces carbon emissions significantly. Injuries continue to be a concern heading into the playoffs.
